ISO Code,CountryName,Year,Preterm,Intrapartum,Sepsis,Tetanus,Congenital,Pneumonia,Diarrhoea,Malaria,AIDS,Measles,Injury,Meningitis,Other,Total,Pneumonia (Newborn),Preterm (Newborn),Intrapartum (Newborn),Sepsis (Newborn),Tetanus (Newborn),Congenital (Newborn),Diarrhoea (Newborn),Other (Newborn),"Pneumonia 
(1-59 months)","Diarrhoea
(1-59 months)","Malaria
(1-59 months)","AIDS
(1-59 months)","Measles
(1-59 months)","Injuries 
(1-59 months)","Meningitis 
(1-59 months)","Other 
(1-59 months)",Total,Pneumonia ,Diarrhoea ,Malaria ,AIDS ,Measles ,Injuries ,Meningitis ,Other ,Total,Pneumonia ,Preterm ,Intrapartum ,Sepsis ,Tetanus ,Congenital ,Diarrhoea ,Other ,Total
AFG,Afghanistan,2016,19.3,15.6,10.2,1.6,6.4,16.1,8.6,0.1,0,0.8,5.3,1.8,14.2,100,3.9,17.5,15.1,10.2,1.6,4.7,0.6,4,12.3,8,0.1,0,0.8,4.7,1.8,14.8,100,28.9,18.8,0.2,0.1,1.9,11,4.3,34.9,100,6.7,30.4,26.3,17.8,2.7,8.1,1.1,6.9,100
ALB,Albania,2016,20.2,6.8,2.7,0.4,27.2,10.2,1,0,0.5,0,11.6,1.8,17.7,100,3,18.7,5.6,2.7,0.4,12.1,0,3.2,7.2,1,0,0.5,0,11,1.8,32.7,100,13.3,1.8,0,0.8,0,20.3,3.3,60.5,100,6.5,40.9,12.2,5.9,0.9,26.5,0,7,100
DZA,Algeria,2016,21,14.5,9.4,0.2,15.9,13,4.8,0,0.1,0.3,6.2,0.8,13.9,100,3.2,19.1,13.8,9.4,0.2,11.5,0.1,4.2,9.7,4.7,0,0.1,0.3,5.3,0.8,17.7,100,25.3,12.2,0,0.2,0.7,13.7,2.1,45.9,100,5.3,31,22.5,15.3,0.3,18.7,0.2,6.8,100
AND,Andorra,2016,66.7,0,0,0,16.7,0,0,0,0,0,0,0,16.7,100,0,50,0,0,0,0,0,0,0,0,0,0,0,0,0,50,100,0,0,0,0,0,0,0,100,100,0,100,0,0,0,0,0,0,100
AGO,Angola,2016,12.4,13.1,6.1,0.4,7.1,17.8,12.6,5.6,1.6,0.4,5.1,1.4,16.3,100,2.8,10.1,11.9,6.1,0.4,3.1,0.2,2.4,15,12.4,5.6,1.6,0.4,4.7,1.4,22,100,23.7,19.6,8.9,2.5,0.7,7.4,2.3,34.8,100,7.5,27.3,32.2,16.4,1.2,8.3,0.5,6.6,100
ATG,Antigua & Barbuda,2016,16.9,5.7,3.5,0,44.8,2.2,0,0,1,0,2.5,0,23.4,100,0,14.9,5.7,3.5,0,16.6,0,2.2,2.2,0,0,1,0,2.5,0,51.4,100,3.9,0,0,1.8,0,4.5,0,89.9,100,0,34.7,13.3,8.2,0,38.8,0,5.1,100
ARG,Argentina,2016,27.5,4.4,5.3,0,29.2,6.5,1.2,0,0.1,0,7.1,1.1,17.4,100,0.8,25.1,4.1,5.3,0,15.7,0,5,5.8,1.2,0,0.1,0,6.7,1.1,29.1,100,13.1,2.8,0,0.2,0,15.3,2.6,66.1,100,1.3,44.9,7.3,9.5,0,28.1,0,8.9,100
ARM,Armenia,2016,23.8,8.3,3.8,0,26.7,10,1.2,0,0,0.6,8.7,1.6,15.4,100,3.1,22.1,6.2,3.8,0,14.4,0,4.7,6.9,1.2,0,0,0.6,8,1.6,27.5,100,15,2.6,0,0.1,1.3,17.4,3.5,60.1,100,5.8,40.7,11.4,6.9,0,26.4,0,8.7,100
AUS,Australia,2016,21.2,10.9,1.3,0,27.1,2.9,0.6,0,0,0,7,0.8,28.3,100,0.1,18.7,10.3,1.3,0,17.8,0,11.6,2.8,0.6,0,0,0,6.7,0.7,29.4,100,7,1.5,0,0,0,16.7,1.8,73,100,0.2,31.3,17.2,2.2,0,29.7,0,19.4,100
AUT,Austria,2016,17.1,10.6,3.5,0,38.8,0.5,0,0,0,0,5,0.5,24.1,100,0,14.3,10.2,3.5,0,24.8,0,10.8,0.5,0,0,0,0,5,0.5,30.5,100,1.3,0,0,0,0,13.8,1.3,83.7,100,0,22.5,16,5.5,0,39,0,17,100
AZE,Azerbaijan,2016,22.8,14.1,7.2,0.2,14.1,12.5,5.9,0,0.1,0,6.4,0.6,16.2,100,3.1,21.5,12.5,7.2,0.2,9.8,0.2,3.8,9.4,5.7,0,0.1,0,6,0.6,20.1,100,22.4,13.6,0,0.1,0,14.3,1.5,48.1,100,5.3,36.9,21.4,12.4,0.4,16.8,0.3,6.4,100
BHS,Bahamas,2016,24,9.4,3.5,0,13.7,14.8,1.7,0,1.7,0,9.2,0,22,100,5.1,23.6,8.4,3.5,0,8.8,0,4.9,9.8,1.7,0,1,0,9.2,0,24.2,100,21.3,3.7,0,2.1,0,20.1,0,52.8,100,9.4,43.5,15.5,6.4,0,16.2,0,9,100
BHR,Bahrain,2016,34.5,3,0.2,0,35.4,1.9,0.3,0,0.3,0,4.5,0.9,19.2,100,0.3,21,0.6,0.2,0,15.6,0,3.5,1.6,0.3,0,0.3,0,4.5,0.9,51.3,100,2.8,0.5,0,0.5,0,7.6,1.5,87.1,100,0.7,51.1,1.4,0.4,0,38,0,8.5,100
BGD,Bangladesh,2016,19,14.1,11.9,0.2,9.3,16.1,6.7,0,0,0,6.8,1.6,14.2,100,3.5,17.5,13.4,11.9,0.2,7.6,0.4,4.3,12.5,6.3,0,0,0,6.4,1.6,14.3,100,30.4,15.3,0,0,0.1,15.5,3.9,34.7,100,6,29.8,22.7,20.2,0.4,12.9,0.6,7.2,100
BRB,Barbados,2016,16,13.4,10.7,0,25.3,2.4,0,0,0,0,7.3,0,24.8,100,0,13.8,11.2,10.7,0,17.6,0,11.1,2.4,0,0,0,0,6.5,0,26.8,100,6.8,0,0,0,0,18.1,0,75.1,100,0,21.5,17.3,16.7,0,27.3,0,17.2,100
BLR,Belarus,2016,18.8,6.4,2,0,35.4,5.9,0.6,0,0.3,0,8.8,1.2,20.6,100,1,14.7,4.1,2,0,12.5,0,4.1,5,0.6,0,0.3,0,8.3,1.2,46.4,100,8,1,0,0.5,0,13.4,1.9,75.1,100,2.6,38.3,10.7,5.2,0,32.6,0,10.6,100
BEL,Belgium,2016,17.5,10,2.5,0,30.5,2.6,0.3,0,0,0,7.5,1.5,27.7,100,0.3,14.6,9.3,2.5,0,19,0,10.9,2.4,0.3,0,0,0,7.2,1.5,32,100,5.4,0.6,0,0,0,16.6,3.5,73.9,100,0.4,25.8,16.5,4.5,0,33.5,0,19.3,100
BLZ,Belize,2016,26.3,11.3,5.5,0,21.3,7.1,2.6,0,0.1,0,4.8,0.8,20.1,100,3.2,25.2,10,5.5,0,14.2,0,11.6,3.9,2.6,0,0.1,0,3.8,0.8,19,100,12.9,8.7,0,0.4,0,12.5,2.7,62.8,100,4.6,36.2,14.3,7.8,0,20.4,0,16.7,100
BEN,Benin,2016,13,9.8,7.3,0.3,5.2,15.2,10.7,12.4,0.7,0.4,5.8,1.9,17.2,100,2.1,11,8.7,7.3,0.3,2,0.2,1.7,13.1,10.5,12.4,0.7,0.4,5.5,1.9,22.1,100,19.7,15.8,18.6,1,0.6,8.3,2.9,33.1,100,6.3,33,26.2,22,0.8,6.1,0.5,5.1,100
BTN,Bhutan,2016,20.8,13.1,9.9,0.2,11.1,14.8,6,0,0.5,0.3,7.6,1.2,14.7,100,2.9,19,12.3,9.9,0.2,7.9,0.2,3.7,11.9,5.8,0,0.5,0.3,6.2,1.2,18.1,100,27,13.3,0,1.1,0.7,14.1,2.7,41.1,100,5.2,33.9,21.9,17.6,0.3,14.2,0.3,6.6,100
BOL,Bolivia,2016,18.1,14.8,7.4,0.2,14.5,13.8,6,0,0.1,0,7.5,0.9,16.7,100,3.1,16.1,13.1,7.4,0.2,8,0.2,3.8,10.8,5.8,0,0.1,0,6.6,0.9,24,100,22.3,12.1,0,0.1,0,13.7,1.9,49.9,100,5.9,31,25.2,14.3,0.5,15.5,0.3,7.4,100
BIH,Bosnia & Herzegovina,2016,32.5,9.8,4.7,0,31.2,5,0.4,0,0.1,2.2,3.1,0.4,10.5,100,3.1,31.4,9.2,4.7,0,23.7,0,5.8,1.9,0.4,0,0.1,2.2,2.1,0.4,14.9,100,8.5,1.9,0,0.4,10,9.6,2,67.6,100,4,40.3,11.9,6,0,30.4,0,7.4,100
BWA,Botswana,2016,24.9,14.9,9,0.3,11.4,9.9,4.1,0,8,0.3,4.4,0.4,12.3,100,3.6,23.5,14.3,9,0.3,8.8,0.2,3.4,6.3,3.9,0,7.9,0.3,4,0.4,14,100,17,10.5,0.1,21.6,0.9,10.8,1,38,100,5.7,37.2,22.6,14.2,0.5,13.9,0.4,5.5,100
BRA,Brazil,2016,17.1,8.8,7.1,0,23.5,8.9,2.5,0,0.2,0,6.6,1.1,24.1,100,0.9,15.1,7.7,7.1,0,10.6,0,10,8,2.5,0,0.2,0,6.2,1.1,30.5,100,16.5,5.2,0,0.4,0,12.8,2.3,62.8,100,1.8,29.3,14.9,13.9,0,20.7,0,19.4,100
BRN,Brunei,2016,26.3,4.8,4.4,0,35.5,2.7,0.6,0,0,0,6.1,0.8,18.8,100,0.3,15.9,3,4.4,0,18.1,0,3.7,2.4,0.6,0,0,0,6.1,0.8,44.6,100,4.4,1.1,0,0,0,11.2,1.5,81.8,100,0.7,35.1,6.5,9.6,0,39.9,0,8.2,100
BGR,Bulgaria,2016,28.3,9,2,0,24.3,14.2,1.8,0,0.1,0,5.9,1.4,13.1,100,2.4,23.1,7.9,2,0,12.1,0,2.1,11.7,1.8,0,0.1,0,5.7,1.3,29.9,100,23.3,3.5,0,0.1,0,11.3,2.5,59.3,100,4.9,46.7,15.9,4.1,0,24.3,0,4.2,100
BFA,Burkina Faso,2016,10.9,9.4,7.4,0.2,4.4,12.7,7.7,24.6,0.4,0.8,5.6,1.5,14.6,100,2,9.2,8.5,7.4,0.1,2.2,0.1,1.7,10.7,7.6,24.6,0.4,0.8,5.2,1.5,18,100,15.5,11.1,35.8,0.5,1.2,7.5,2.2,26.2,100,6.4,29.5,27.1,23.6,0.5,7,0.4,5.6,100
BDI,Burundi,2016,12.3,11.8,6.1,0.2,6,16.3,9.9,6.7,0.8,0.1,8,1.9,19.9,100,2.5,10.1,10.4,6.1,0.2,3.2,0.2,2.3,13.8,9.8,6.7,0.8,0.1,7.5,1.9,24.4,100,21.2,15,10.4,1.3,0.2,11.6,2.9,37.5,100,7.2,28.9,29.9,17.3,0.7,9.1,0.5,6.5,100
KHM,Cambodia,2016,18.1,13.1,8.9,0.2,10.1,16.4,6.2,0.3,0.2,0.2,7.7,1.8,16.9,100,2.9,16.5,12.3,8.9,0.2,8.2,0.2,3.9,13.5,6,0.3,0.2,0.2,7.1,1.8,17.8,100,28.8,12.8,0.6,0.4,0.4,15.2,3.8,38,100,5.5,31.1,23.1,16.7,0.3,15.5,0.3,7.4,100
CMR,Cameroon,2016,11.2,10.9,5.1,0.2,6.6,15.8,10.4,10.1,2.8,0,6.9,1.7,18.3,100,2.2,8.9,9.6,5.1,0.2,2.6,0.1,2.1,13.6,10.3,10.1,2.8,0,6.6,1.7,24.2,100,19.6,14.8,14.6,4,0,9.5,2.4,35,100,7.2,28.8,31.1,16.4,0.7,8.5,0.4,6.8,100
CAN,Canada,2016,28.7,9.5,2.8,0,23.7,1.8,0.3,0,0,0,6.4,0.7,26.1,100,0.2,27.7,8.3,2.8,0,14.3,0,12.3,1.6,0.3,0,0,0,6.2,0.7,25.7,100,4.7,0.9,0,0,0,18,2.1,74.3,100,0.3,42.3,12.6,4.2,0,21.8,0,18.7,100
CPV,Cape Verde,2016,19.7,7.8,4.9,0.4,22.1,13,4.9,0,0.6,0,6.5,1.3,18.9,100,2.2,18.1,7.2,4.9,0.4,10.4,0,4.7,10.8,4.9,0,0.6,0,6,1.3,28.6,100,20.7,9.4,0,1.2,0,11.5,2.5,54.8,100,4.6,37.8,15.1,10.2,0.8,21.7,0,9.8,100
CAF,Central African Republic,2016,12,11.2,5.8,1.2,4.1,16.5,10.5,13.9,1.5,2.9,4.5,3.3,12.7,100,2.5,10.4,10.3,5.8,1.2,1.9,0.3,1.7,14,10.2,13.9,1.5,2.9,4.3,3.3,16,100,21.3,15.4,21,2.2,4.4,6.5,5,24.2,100,7.3,30.5,30.2,17.2,3.5,5.5,0.9,5,100
TCD,Chad,2016,9.7,10.5,5.1,0.7,4.5,24.4,13.9,6.3,0.5,0.2,5.9,3.8,14.6,100,2.4,7.5,9.3,5.1,0.7,1.7,0.2,1.7,21.9,13.6,6.3,0.5,0.2,5.6,3.8,19.4,100,30.7,19.1,8.9,0.7,0.3,7.9,5.3,27.2,100,8.5,26.2,32.6,17.9,2.3,5.8,0.8,5.8,100
CHL,Chile,2016,26.7,5.1,3.4,0,39.4,3.3,0.3,0,0,0,5.9,0.7,15.4,100,0.9,24.7,4.4,3.4,0,25.5,0,6.2,2.4,0.3,0,0,0,5.6,0.7,26.1,100,6.9,0.7,0,0.1,0,16.1,1.9,74.3,100,1.3,38,6.7,5.2,0,39.2,0,9.6,100
CHN,China,2016,17,14.3,1.5,0,19.9,12.4,3,0,0.1,0.5,14.9,1.2,15.2,100,3,15.9,14.1,1.3,0,9.2,0.3,7.5,9.5,2.7,0,0.1,0.5,12.4,1.2,22.6,100,19.4,5.6,0,0.2,0.9,25.3,2.4,46.2,100,5.8,31.1,27.5,2.5,0,18,0.5,14.6,100
COL,Colombia,2016,21.2,5.9,8.4,0,25.1,9.9,1.8,0.1,0.1,0,6.1,1,20.3,100,2.1,18.8,4.8,8.4,0,15.1,0,5.9,7.8,1.8,0.1,0.1,0,5.7,1,28.2,100,17.4,4,0.2,0.3,0,12.8,2.3,63.1,100,3.9,34.1,8.7,15.3,0,27.3,0,10.7,100
COM,Comoros,2016,19.3,11.9,7.8,0.5,6.5,18.2,9.2,0.1,0,0,6.3,2.6,17.7,100,2.9,17.3,10.8,7.8,0.5,3.5,0.4,2.4,15.3,8.8,0.1,0,0,6,2.6,21.6,100,28.1,16.1,0.1,0.1,0,11.1,4.8,39.7,100,6.4,38,23.6,17,1,7.7,0.8,5.3,100
COG,Congo,2016,14.7,10.7,5.7,0.2,8.2,13.7,6.8,6.9,4.9,3.8,6.8,1,16.6,100,2.4,12.7,9.7,5.7,0.2,4.4,0.1,2.2,11.3,6.6,6.9,4.9,3.8,6.4,1,21.7,100,18.1,10.6,11,7.8,6,10.3,1.6,34.7,100,6.4,33.9,25.8,15.3,0.5,11.9,0.4,5.8,100
COD,Congo DR,2016,11.9,10.6,5.1,0.3,5.1,16.1,10.8,12.8,0.5,0.2,6.1,2.5,17.9,100,2.2,10,9.5,5.1,0.3,2.3,0.1,2,13.9,10.7,12.8,0.5,0.2,5.7,2.5,22.2,100,20.4,15.6,18.7,0.7,0.3,8.3,3.6,32.4,100,6.9,31.6,30.1,16.3,0.9,7.4,0.4,6.3,100
COK,Cook Islands,2016,24.5,10.3,2.9,0,29.4,8.3,1.2,0,0,0,6.3,1.2,15.9,100,0.6,19.2,6.9,2.9,0,14.4,0,6,7.6,1.2,0,0,0,5.8,1.2,34.1,100,15.3,2.4,0,0,0,11.7,2.4,68.2,100,1.3,38.3,13.8,5.8,0,28.8,0,11.9,100
CRI,Costa Rica,2016,28.7,7.2,1.4,0,38.5,4.9,1.3,0,0,0,4.3,0.9,12.8,100,1.8,26.5,6.8,1.4,0,25.4,0,2.6,3.1,1.3,0,0,0,4,0.8,26.2,100,8.8,3.5,0,0,0,11.3,2.4,74,100,2.8,41,10.5,2.2,0,39.4,0,4.1,100
CIV,Cote d Ivoire,2016,14.1,12.3,8.9,0.5,5.4,17.1,9.5,7.7,2.2,0.4,5.4,2.1,14.6,100,2.8,12.3,11.3,8.9,0.5,2.7,0.3,2.4,14.4,9.2,7.7,2.1,0.4,5,2.1,18.1,100,24.4,15.6,13.1,3.6,0.6,8.5,3.5,30.6,100,6.7,30.1,27.6,21.7,1.1,6.5,0.6,5.7,100
HRV,Croatia,2016,11.5,8.2,2.6,0,32.2,4,0.3,0,0,0,3.1,1.5,36.8,100,0.8,9.6,5.4,2.6,0,16.7,0,25.5,3.2,0.3,0,0,0,3,1.5,31.6,100,8,0.6,0,0,0,7.5,3.7,80.1,100,1.3,15.9,8.9,4.2,0,27.5,0,42.1,100
CUB,Cuba,2016,16.1,7.3,6.2,0,21.6,11.9,1.2,0,0.1,0,8.7,2.2,24.6,100,3.9,12.8,5.6,6.2,0,8.5,0,6.4,7.9,1.2,0,0.1,0,7.9,2.2,37.2,100,14.1,2.2,0,0.2,0,14,3.9,65.7,100,9.1,29.4,12.9,14.3,0,19.6,0,14.7,100
CYP,Cyprus,2016,18.5,3.2,1.2,0,17.1,1.2,0,0,0,0,7.3,2.6,48.8,100,0,12.6,0.6,1.2,0,9.1,0,31.1,1.2,0,0,0,0,6.8,2.6,34.9,100,2.6,0,0,0,0,14.9,5.8,76.7,100,0,23.1,1.1,2.2,0,16.6,0,57,100
CZE,Czech Republic,2016,26,8.9,4,0,22.9,6.2,0.7,0,0,0,6.9,1.3,23.2,100,1.1,19.8,7.6,4,0,10.1,0,7.2,5.2,0.7,0,0,0,5.9,1.2,37.3,100,10.3,1.4,0,0,0,11.8,2.3,74.2,100,2.1,39.9,15.3,8,0,20.3,0,14.5,100
DNK,Denmark,2016,43.6,8.1,4.4,0,23.5,1.5,0,0,0,0,2.9,1,15,100,0.3,40.1,7.3,4.4,0,14,0,7.1,1.3,0,0,0,0,2.7,0.9,22,100,4.7,0,0,0,0,10,3.2,82.1,100,0.4,54.8,10,6,0,19.1,0,9.8,100
DJI,Djibouti,2016,20.8,13.6,7.5,0.6,7.9,14,7.7,0.1,2.3,0.1,6.5,1.1,17.6,100,3.1,19,12.7,7.5,0.6,5.1,0.4,3.7,10.9,7.3,0.1,2.2,0.1,5.8,1.1,20.4,100,22.7,15.2,0.3,4.7,0.2,12.1,2.4,42.4,100,5.9,36.6,24.4,14.4,1.1,9.8,0.8,7.1,100
DMA,Dominica,2016,14,35.5,9.2,0,18.4,5.6,0.7,0,0,0,1.6,0,14.9,100,0,12,35.5,9.2,0,9.9,0,6.3,5.6,0.7,0,0,0,1.6,0,19.1,100,20.7,2.6,0,0,0,5.9,0,70.7,100,0,16.5,48.7,12.6,0,13.6,0,8.6,100
DOM,Dominican Republic,2016,25.7,15.3,9.2,0,16.4,11.2,3.7,0,0.6,0,6.4,0.6,10.8,100,3.7,23.9,14.7,9.2,0,11.3,0.2,4.6,7.5,3.4,0,0.6,0,4,0.6,16,100,23.4,10.6,0,1.8,0,12.5,2,49.7,100,5.4,35.3,21.7,13.6,0,16.7,0.4,6.8,100
ECU,Ecuador,2016,25.4,6.6,4.8,0,24,12.4,1.5,0,0.1,0,8.8,0.8,15.6,100,1.6,22.8,6,4.8,0,13.5,0,5.1,10.8,1.5,0,0.1,0,8,0.8,25.1,100,23.3,3.2,0,0.3,0,17.3,1.7,54.2,100,3,42.4,11.1,9,0,25.1,0,9.4,100
EGY,Egypt,2016,23.7,10.8,4.5,0.8,21.7,10.6,4.7,0,0,0.2,4.5,1.2,17.2,100,2.4,21.2,10.2,4.5,0.8,12,0,5.2,8.2,4.7,0,0,0.2,3.9,1.2,25.6,100,18.6,10.8,0,0.1,0.5,8.9,2.7,58.4,100,4.3,37.6,18,8,1.5,21.4,0,9.2,100
SLV,El Salvador,2016,20.3,7.8,3.9,0.6,24.9,11.2,4.6,0,1.1,0,7,1.2,17.3,100,2.5,18.3,7.1,3.9,0.6,12.3,0,5.2,8.7,4.6,0,1.1,0,6.5,1.2,27.9,100,17.4,9.3,0,2.2,0,13,2.4,55.7,100,4.9,36.7,14.3,7.8,1.2,24.6,0,10.4,100
GNQ,Equatorial Guinea,2016,12.4,11.4,3.6,0.6,5.8,14.3,6.4,17.6,2.5,9.1,4,0.9,11.6,100,2.5,10.9,10.6,3.6,0.6,2.7,0.3,3.3,11.8,6,17.6,2.4,9.1,3.3,0.9,14.2,100,18.1,9.2,27,3.7,13.9,5.1,1.3,21.7,100,7.2,31.4,30.7,10.5,1.6,7.9,1,9.6,100
ERI,Eritrea,2016,10.7,12.3,8.2,0.1,7.6,19.7,7.7,0.6,0.7,5.3,8.5,3.1,15.4,100,2.7,8.8,11.2,8.2,0.1,5.1,0.2,2.5,17,7.5,0.6,0.7,5.3,8,3.1,19,100,27.7,12.3,0.9,1.2,8.7,13.1,5.1,31,100,7,22.7,28.9,21,0.4,13.2,0.4,6.4,100
EST,Estonia,2016,14.4,13.4,1.4,0,24.7,4.3,0,0,0,0,16.1,2.1,23.6,100,0.8,11.4,12.7,1.4,0,13.9,0,3.7,3.5,0,0,0,0,13.8,2.1,36.6,100,6.3,0,0,0,0,24.6,3.8,65.3,100,1.8,26,28.9,3.2,0,31.6,0,8.5,100
ETH,Ethiopia,2016,14.7,14.9,8.8,0.8,7.5,16.4,8,0.8,0.7,4.6,7.1,2.1,13.6,100,3.8,12.6,14.2,8.8,0.8,5.1,0.4,2.4,12.7,7.6,0.8,0.7,4.6,6.8,2.1,16.7,100,24.4,14.6,1.5,1.3,8.9,13,4,32.2,100,7.8,26.3,29.6,18.3,1.6,10.6,0.8,5,100
FSM,Federated States of Micronesia,2016,19.4,13.4,6.5,0.2,12.8,15,5.9,0,0,0,7,1.4,18.4,100,3,17.6,12.2,6.5,0.2,9,0.2,3.8,12,5.7,0,0,0,6.7,1.4,21.7,100,25.1,12.1,0,0,0,14.1,3,45.7,100,5.7,33.5,23.3,12.3,0.4,17.2,0.3,7.3,100
FJI,Fiji,2016,17,6.4,4.2,0.2,20.2,12,3.8,0,0.1,0,15.3,2.1,18.5,100,2,15.3,5.6,4.2,0.2,8.4,0,4,10,3.8,0,0.1,0,14.9,2.1,29.4,100,16.6,6.4,0,0.2,0,24.6,3.5,48.8,100,5,38.5,14.2,10.5,0.6,21.1,0,10.1,100
FIN,Finland,2016,19,8.5,2.9,0,34.7,2.2,0.4,0,0,0,7.5,1,23.8,100,0.4,15.3,8,2.9,0,18.8,0,6.7,1.8,0.4,0,0,0,7.5,1,37.1,100,3.8,0.9,0,0,0,15.7,2.1,77.6,100,0.8,29.3,15.4,5.6,0,36,0,12.9,100
FRA,France,2016,21.4,10.2,4.7,0,25.3,1.1,0.7,0,0,0,5.8,0.9,29.7,100,0.2,17.9,9.3,4.7,0,15.5,0,13.7,0.9,0.7,0,0,0,5.6,0.9,30.5,100,2.4,1.9,0,0,0,14.4,2.4,78.8,100,0.3,29.2,15.1,7.7,0,25.3,0,22.4,100
GAB,Gabon,2016,16.5,11.6,6.8,0.2,9,12.9,5.7,6.4,4.5,8.6,4.7,0.8,12.2,100,2.7,14.9,10.8,6.8,0.2,5.4,0.2,2.5,10.2,5.5,6.4,4.4,8.6,4.3,0.8,16.1,100,18.1,9.8,11.4,7.9,15.2,7.7,1.4,28.6,100,6.2,34.2,24.9,15.7,0.5,12.5,0.4,5.6,100
GMB,Gambia The,2016,13.3,13.8,9.6,0.3,7.9,14.4,8.8,4,1.5,0.6,7.2,1.6,17.1,100,2.9,11,12.6,9.6,0.3,4.1,0.1,2.7,11.5,8.7,4,1.4,0.6,6.8,1.6,22.1,100,20.3,15.3,7.1,2.5,1.1,11.9,2.9,38.9,100,6.7,25.5,29.1,22.2,0.6,9.5,0.3,6.2,100
GEO,Georgia,2016,27.7,8.6,4.7,0,27.6,6.7,0.7,0,1.1,0,7.5,1,14.5,100,2.6,26.8,7.5,4.7,0,18.1,0,5.3,4,0.7,0,1.1,0,6.7,1,21.4,100,11.5,2,0,3,0,19.3,2.9,61.3,100,4.1,41.2,11.5,7.2,0,27.9,0,8.1,100
DEU,Germany,2016,28.1,7.3,2,0,31.6,1.8,0.4,0,0,0,4.6,0.8,23.4,100,0.2,24.3,6.2,2,0,18,0,10.3,1.5,0.4,0,0,0,4.2,0.8,32,100,4,0.9,0,0,0,10.7,2.1,82.2,100,0.4,39.8,10.2,3.2,0,29.5,0,16.9,100
GHA,Ghana,2016,15.6,13.9,8.4,0.3,8.2,11.9,6.4,11.1,3.2,0.2,5.7,0.9,14.1,100,3,14,12.9,8.4,0.3,4.8,0.2,2.8,8.9,6.2,11.1,3.1,0.2,5.2,0.9,18,100,16.6,11.6,20.6,5.9,0.3,9.8,1.7,33.5,100,6.5,30.1,27.7,18.2,0.7,10.4,0.4,6,100
GRC,Greece,2016,34,5,0.9,0,37.1,4.4,0,0,0,0,4.5,0.9,13.2,100,0.3,32.9,4.9,0.9,0,17.5,0,2.4,4,0,0,0,0,4.3,0.9,31.9,100,9.8,0,0,0,0,10.4,2.2,77.6,100,0.6,55.8,8.4,1.6,0,29.6,0,4,100
GRD,Grenada,2016,15.3,17.3,9.3,0,12.2,11.4,0,0,0,0,13.9,0,20.6,100,2.7,12,17.3,9.3,0,9.3,0,2.7,8.8,0,0,0,0,12.5,0,25.6,100,18.7,0,0,0,0,26.8,0,54.5,100,5,22.5,32.5,17.5,0,17.5,0,5,100
GTM,Guatemala,2016,15.9,13.2,8.4,0,11.9,16,6.4,0,1.2,0,9,1.2,16.7,100,2.9,13.5,12.4,8.4,0,8.2,0.2,4,13.1,6.2,0,1.2,0,8,1.2,20.8,100,26,12.3,0,2.4,0,15.8,2.4,41.2,100,5.9,27.2,25,17,0,16.5,0.4,8,100
GIN,Guinea,2016,8.9,9.9,5.8,0.2,4.4,16.9,8.5,20.7,1.4,3.1,4.9,3,12.3,100,2,7.6,8.7,5.8,0.2,2.1,0.1,1.7,14.9,8.4,20.7,1.4,3.1,4.7,3,15.7,100,20.8,11.7,28.8,2,4.3,6.5,4.1,21.8,100,7.1,26.8,30.8,20.7,0.7,7.3,0.4,6,100
GNB,Guinea-Bissau,2016,13.7,14.6,9,0.7,6.2,18,8.9,3.8,2,0.6,5.6,2.7,14.1,100,3.2,11.8,13.5,9,0.7,3.3,0.2,2.6,14.8,8.7,3.8,2,0.6,5.3,2.7,17.9,100,26.5,15.6,6.8,3.5,1.1,9.4,4.9,32.1,100,7.2,26.6,30.6,20.3,1.6,7.3,0.6,5.8,100
GUY,Guyana,2016,19.8,14.5,11,0,11.6,8.2,4.2,2.5,1.2,0,8,1.7,17.4,100,3,19.5,14.2,11,0,6.8,0,7.5,5.2,4.2,2.5,1.2,0,7.2,1.5,16.1,100,13.7,11,6.7,3.1,0,19.1,4,42.4,100,4.8,31.5,22.9,17.8,0,10.9,0,12.1,100
HTI,Haiti,2016,14,11,6.5,0.2,7,21.7,9.8,0.3,1.5,0,7.5,3.3,17.1,100,2.4,12,9.3,6.5,0.2,3,0.3,3.1,19.3,9.5,0.3,1.5,0,7,3.3,22.2,100,30.6,15.1,0.5,2.3,0,11.1,5.2,35.2,100,6.6,32.7,25.2,17.7,0.6,8.1,0.9,8.3,100
HND,Honduras,2016,22.2,8.7,6.9,0.5,21.4,11.4,5.6,0.1,0.5,0,3.3,1,18.4,100,2.5,19.9,7.4,6.9,0.5,12,0,6.7,9,5.6,0.1,0.5,0,2.7,1,25.3,100,20.3,12.7,0.1,1.2,0,6.2,2.3,57.2,100,4.4,35.6,13.3,12.3,0.9,21.5,0,11.9,100
HUN,Hungary,2016,38.1,6.2,2.1,0,25.2,4.8,0.4,0,0,0,4.5,2.4,16.2,100,1.1,30.8,4.7,2.1,0,11.8,0,3.2,3.7,0.4,0,0,0,4.1,2.4,35.7,100,8,1,0,0,0,8.9,5.1,77,100,2.1,57.4,8.7,4,0,22,0,5.9,100
ISL,Iceland,2016,26.8,6.7,1.2,0,23.5,0,0,0,0,0,16.1,0,25.6,100,0,26.8,6.7,1.2,0,9.6,0,0,0,0,0,0,0,16.1,0,39.4,100,0,0,0,0,0,29,0,71,100,0,60.4,15.2,2.8,0,21.7,0,0,100
IND,India,2016,27.9,11.7,8,0.5,9,14.6,9.5,0.6,0.4,2.2,3.6,1.7,10.3,100,3,25.9,11.2,8,0.5,6.6,0.4,3.5,11.6,9.1,0.6,0.4,2.2,3.2,1.7,12.2,100,28.3,22.2,1.4,0.9,5.5,7.8,4.2,29.9,100,5.1,43.8,18.9,13.6,0.8,11.1,0.7,5.9,100
IDN,Indonesia,2016,19.2,13.1,6.1,0.2,11.5,15.5,5.8,0.4,1.3,3.4,7,1.2,15.4,100,2.9,18.1,11.9,6.1,0.2,9.2,0.2,3.8,12.6,5.6,0.4,1.3,3.4,6.3,1.2,16.9,100,26.4,11.7,0.9,2.6,7.2,13.2,2.5,35.5,100,5.5,34.7,22.7,11.7,0.3,17.5,0.3,7.2,100
IRN,Iran,2016,23,13.1,8.7,0.1,17.2,12.7,4.3,0,0.2,0,6.4,0.8,13.5,100,3,21,12.6,8.7,0.1,13.1,0.1,4.1,9.7,4.2,0,0.2,0,5.6,0.8,16.7,100,26.1,11.2,0,0.5,0.1,15.1,2.1,45,100,4.8,33.5,20.1,13.8,0.2,20.9,0.2,6.5,100
IRQ,Iraq,2016,21.4,14.9,7.7,0.4,14,15.1,5.1,0,0,0.2,6.7,1,13.6,100,3.5,19.8,13.9,7.7,0.3,10.2,0.3,3.8,11.6,4.9,0,0,0.2,5.4,1,17.6,100,28.6,12,0,0,0.4,13.3,2.4,43.3,100,5.9,33.3,23.3,13,0.6,17.1,0.5,6.3,100
IRL,Ireland,2016,22.7,5.6,2.4,0,42.8,1.9,0.1,0,0,0,2.5,1,21.2,100,0.2,18.7,5.1,2.4,0,25.8,0,7.9,1.7,0.1,0,0,0,2.5,1,34.7,100,4.2,0.1,0,0,0,6.2,2.5,87,100,0.3,31.1,8.5,4,0,42.9,0,13.1,100
ISR,Israel,2016,19.1,5.8,2,0,36.9,1.6,1.1,0,0.1,0,7.1,1.4,25,100,0.2,17.5,5.4,2,0,20.5,0,10,1.4,1.1,0,0.1,0,7,1.1,33.8,100,3.1,2.4,0,0.1,0,15.7,2.6,76,100,0.3,31.5,9.6,3.6,0,37,0,17.9,100
ITA,Italy,2016,24.9,7.4,4.2,0,26.6,1.2,0.1,0,0,0,3.6,0.6,31.3,100,0.2,21.6,6.3,4.2,0,14.1,0,13.7,1,0.1,0,0,0,3.5,0.6,34.8,100,2.5,0.3,0.1,0,0,8.9,1.4,86.9,100,0.4,35.9,10.5,6.9,0,23.4,0,22.8,100
JAM,Jamaica,2016,37.9,10.7,8.7,0,18.8,3.7,0.4,0,0.6,0,2.8,0.9,15.4,100,1.8,37.6,10.7,8.7,0,9.4,0,2.8,1.9,0.4,0,0.6,0,2.8,0.9,22.5,100,6.5,1.4,0,2.1,0,9.6,3,77.4,100,2.5,53,15,12.3,0,13.2,0,4,100
JPN,Japan,2016,8.7,4.7,1.5,0,41.4,6.6,1.7,0,0,0,8.9,0.5,26.1,100,0.4,6.5,3.8,1.5,0,15.7,0,5.1,6.2,1.7,0,0,0,8.5,0.5,50.2,100,9.3,2.5,0,0,0,12.7,0.7,74.9,100,1.2,19.8,11.5,4.6,0,47.5,0,15.4,100
JOR,Jordan,2016,26.7,7.8,5.9,0.3,23.1,8.8,2.7,0,0,0,8.3,1.1,15.2,100,2.2,24.4,7.2,5.9,0.3,14.5,0,6.5,6.6,2.7,0,0,0,7.6,1.1,20.9,100,16.9,7,0,0.1,0,19.5,2.9,53.6,100,3.6,40,11.8,9.6,0.5,23.8,0,10.7,100
KAZ,Kazakhstan,2016,17.2,13.1,6.3,0.1,18.9,13.1,5.4,0,0.3,0,8,0.6,16.8,100,2.7,15.6,11.1,6.3,0.1,12.1,0.1,3.5,10.5,5.3,0,0.3,0,7.6,0.6,24.3,100,21.6,10.9,0,0.6,0,15.6,1.3,50,100,5.2,30.3,21.6,12.2,0.2,23.6,0.2,6.8,100
KEN,Kenya,2016,15,14.6,7.9,0.3,8.9,14.4,6.9,3.9,3.3,0.5,7.2,1.4,15.6,100,3.1,13.1,13.6,7.9,0.3,5.8,0.2,2.6,11.3,6.8,3.9,3.3,0.5,6.7,1.4,19.5,100,21.1,12.7,7.4,6.1,0.9,12.6,2.7,36.5,100,6.7,28,29.1,16.9,0.7,12.5,0.3,5.7,100
KIR,Kiribati,2016,15.6,13,5.6,0.2,10.5,16.6,8,0,0,0,7.3,1.8,21.5,100,2.6,13.8,10.9,5.6,0.2,5.4,0.2,3.5,14,7.8,0,0,0,7.2,1.8,27,100,24.2,13.6,0,0,0,12.4,3,46.8,100,6.1,32.7,25.9,13.2,0.5,12.9,0.4,8.4,100
PRK,Korea DPR,2016,20.1,12,6.8,0.1,13.1,15.2,6.1,0,0,0,7.5,2,17.2,100,2.7,18.3,11.2,6.8,0.1,10.8,0.1,3.7,12.5,6,0,0,0,6.9,2,18.8,100,27.1,12.9,0,0.1,0,14.9,4.4,40.6,100,5,34.2,20.9,12.7,0.2,20.1,0.2,6.9,100
KOR,Korea Rep,2016,28,6.2,4.1,0,25.1,2.1,0.7,0,0,0,9.8,0.9,23,100,0.2,20,4.2,4.1,0,9.2,0,6.5,1.9,0.7,0,0,0,9.1,0.9,43.1,100,3.5,1.3,0,0,0,16.3,1.6,77.3,100,0.4,45.2,9.5,9.3,0,20.9,0,14.7,100
KWT,Kuwait,2016,34.5,2,0.8,0,38.5,6,0.1,0,0.1,0,6.3,0.5,11.1,100,0.2,25.7,1.5,0.8,0,22.1,0,2.5,5.8,0.1,0,0.1,0,5.9,0.5,34.9,100,12.3,0.3,0,0.2,0,12.4,1,73.8,100,0.4,48.7,2.8,1.5,0,41.9,0,4.7,100
KGZ,Kyrgyzstan,2016,26.3,13.9,4.2,0,16.2,20.5,3.8,0,0,0,7.2,1.4,6.4,100,2.1,26,13.7,4.2,0,7.8,0,1.1,18.4,3.8,0,0,0,7.1,1.4,14.4,100,40.8,8.5,0,0,0.1,15.7,3.1,31.9,100,3.8,47.4,25,7.7,0,14.2,0,1.9,100
LAO,Lao PDR,2016,14.8,14,7.3,0.6,6.9,17.7,11,0.1,0.3,0.2,8.4,1.4,17.5,100,3.2,12.7,12.9,7.3,0.5,4.3,0.4,3.6,14.5,10.6,0.1,0.3,0.2,7.6,1.4,20.5,100,26.3,19.2,0.1,0.5,0.3,13.7,2.5,37.3,100,7.1,28.2,28.7,16.3,1.2,9.7,0.9,7.9,100
LVA,Latvia,2016,15.7,16.4,2.1,0,25.2,6,0,0,0,0,11.8,0.6,22.2,100,3.8,14,14.3,2.1,0,12.5,0,4.9,2.2,0,0,0,0,10.9,0.6,34.7,100,4.5,0,0,0,0,22.5,1.3,71.7,100,7.4,27,27.8,4.1,0,24.3,0,9.4,100
LBN,Lebanon,2016,24.3,8.2,4.1,0,28.3,6.1,2.4,0,0.8,0.9,7.3,0.8,16.7,100,1.6,22.5,7.7,4.1,0,16.6,0,7.9,4.5,2.4,0,0.8,0.9,6.7,0.8,23.4,100,11.3,6.1,0,2.1,2.3,16.9,2.1,59.2,100,2.6,37.3,12.8,6.7,0,27.4,0,13.1,100
LSO,Lesotho,2016,16.5,12.4,6.3,0.7,5.7,15,7.8,0,14.6,0.6,4.8,1.5,14.2,100,2.8,14.7,11.6,6.3,0.7,2.9,0.3,2.5,12.2,7.5,0,14.4,0.6,4.5,1.5,17.6,100,20.9,13,0,24.7,1,7.7,2.6,30.2,100,6.6,35.3,27.7,15.1,1.7,7,0.7,5.9,100
LBR,Liberia,2016,10.7,9.7,6.7,0.2,5.6,15.3,7.9,8.6,1.5,11,5.9,2.6,14.3,100,2.1,8.9,8.7,6.7,0.2,2.8,0.1,1.8,13.3,7.8,8.6,1.5,11,5.7,2.6,18.3,100,19.3,11.3,12.5,2.2,16,8.2,3.8,26.7,100,6.6,28.5,27.9,21.5,0.5,8.9,0.4,5.8,100
LBY,Libya,2016,23.8,8.9,3.8,0,27.2,8.9,2.3,0,0,0,7.1,1.1,16.8,100,1.7,20.9,8.1,3.8,0,14.7,0,5.3,7.2,2.3,0,0,0,6.6,1.1,28.4,100,15.8,5.1,0,0,0,14.5,2.5,62.2,100,3.1,38.4,14.9,7,0,27,0,9.7,100
LTU,Lithuania,2016,9.2,9.3,5.7,0,39.8,3.8,0.3,0,0,0,9.1,3.9,18.9,100,0.5,8.4,9.3,5.7,0,18.9,0,4.5,3.3,0.3,0,0,0,7.9,3.9,37.4,100,6.3,0.5,0,0,0,15,7.3,70.8,100,1,17.7,19.7,12.1,0,40.1,0,9.5,100
LUX,Luxembourg,2016,23.9,7.5,1.2,0,31.5,0.7,0,0,0,0,8.2,0.7,26.3,100,0,23.2,7.5,1.2,0,23.2,0,11.7,0.7,0,0,0,0,8.2,0.7,23.7,100,2.2,0,0,0,0,24.6,2.2,71.1,100,0,34.7,11.2,1.8,0,34.8,0,17.6,100
MKD,Macedonia,2016,53.8,5.9,3.3,0,12.8,6.6,1.2,0,0,0,2,1,13.4,100,1.2,52.9,5.7,3.3,0,4.3,0,0.9,5.4,1.2,0,0,0,2,1,22.3,100,16.9,3.7,0,0,0,6.2,3.3,70,100,1.7,77.5,8.4,4.8,0,6.3,0,1.3,100
MDG,Madagascar,2016,13.4,12.7,6.7,0.3,7.8,17.6,8.6,3.6,0.4,1.4,8.4,2.1,17,100,2.9,11,11.9,6.7,0.3,5.2,0.2,2.5,14.7,8.4,3.6,0.4,1.4,8.2,2.1,20.5,100,24.8,14.2,6.1,0.7,2.3,13.8,3.6,34.5,100,7.2,27,29.2,16.4,0.6,12.9,0.6,6.2,100
MWI,Malawi,2016,15.5,12.4,7.8,0.2,8.1,12.9,6.5,7.8,4.6,0.7,6,1.4,16.2,100,2.7,13.9,11.1,7.8,0.2,4.8,0.2,2.5,10.2,6.4,7.8,4.5,0.7,5.6,1.4,20.4,100,17.9,11.2,13.7,8,1.2,9.8,2.4,35.9,100,6.3,32.2,25.8,18,0.5,11.1,0.4,5.8,100
MYS,Malaysia,2016,22.7,8.3,4.3,0,27.9,5.7,1.5,0,0.2,0,7.9,1.2,20.4,100,1,20.1,6.7,4.3,0,14.5,0,7,4.7,1.5,0,0.2,0,7.5,1.2,31.4,100,10.2,3.1,0,0.3,0,16.1,2.6,67.7,100,1.8,37.5,12.5,8.1,0,27.1,0,13.1,100
MDV,Maldives,2016,24.5,9.3,3.8,0.3,29.8,7,1.6,0,0.5,0,4.4,0.8,18.1,100,1.9,22.1,6.3,3.8,0.3,15.5,0,6.3,5.2,1.6,0,0.5,0,3.7,0.8,32.2,100,11.8,3.7,0,1.1,0,8.5,1.7,73.2,100,3.3,39.4,11.2,6.7,0.5,27.6,0,11.2,100
MLI,Mali,2016,11.5,10.2,7.6,0.4,3.9,13.4,8.6,24.4,0.8,0,4.6,1.7,12.9,100,2.3,10,9.3,7.6,0.4,1.8,0.2,1.8,11.1,8.4,24.4,0.8,0,4.3,1.7,15.9,100,16.7,12.6,36.6,1.2,0,6.5,2.5,23.9,100,6.9,29.9,27.8,22.8,1.2,5.5,0.6,5.4,100
MLT,Malta,2016,35.4,6.3,1.3,0,32.1,2.7,0,0,0,0,1.7,0,20.4,100,0,33.9,6.3,1.3,0,24.8,0,2.5,2.7,0,0,0,0,1.7,0,26.6,100,8.6,0,0,0,0,5.6,0,85.9,100,0,49.2,9.2,1.9,0,36,0,3.7,100
MHL,Marshall Islands,2016,18.6,11,6.1,0.2,11.6,17.3,7.4,0,0,0,7.6,1.7,18.5,100,2.5,16.3,9.6,6.1,0.2,6.4,0.2,3.1,14.8,7.2,0,0,0,7.4,1.7,24.5,100,26.6,12.9,0,0,0,13.2,3.1,44.2,100,5.7,36.8,21.7,13.6,0.3,14.4,0.6,7,100
MRT,Mauritania,2016,18.5,10.5,8.7,0.5,5.7,15.8,9.9,3.9,0.3,0.7,6.5,1.6,17.4,100,2.7,16.4,9.3,8.7,0.5,2.5,0.3,2.1,13.1,9.6,3.9,0.3,0.7,6.3,1.6,22,100,22.8,16.8,6.7,0.5,1.3,10.9,2.7,38.3,100,6.4,38.6,21.9,20.4,1.1,5.9,0.7,5,100
MUS,Mauritius,2016,24.1,10.6,9.7,0,27.4,7,1.7,0,0.8,0,4.6,0.8,13.3,100,1.9,20.8,9.1,9.7,0,13,0,6.5,5,1.7,0,0.8,0,3.9,0.8,26.7,100,12.9,4.3,0,2,0,10.1,2,68.7,100,3.2,34,14.9,16,0,21.3,0,10.6,100
MEX,Mexico,2016,20.4,7.4,7.8,0,26.4,10.2,2.9,0,0.1,0,7.7,0.7,16.3,100,2.3,18.7,6.9,7.8,0,13.7,0,3.9,7.9,2.9,0,0.1,0,7.4,0.7,27.7,100,16.9,6.2,0,0.3,0,15.8,1.6,59.3,100,4.4,35,13,14.6,0,25.6,0,7.4,100
MDA,Moldova,2016,15.8,8.5,14.1,0,28.9,17.5,0.4,0,0,0,6.3,1.1,7.5,100,9.7,15.8,8.5,14.1,0,22.3,0,3.5,7.8,0.4,0,0,0,5.6,1.1,11.4,100,29.8,1.5,0,0,0,21.5,4,43.3,100,13.2,21.4,11.5,19,0,30.3,0,4.7,100
MCO,Monaco,2016,38.7,11.4,4.9,0,33.4,0.4,0,0,0,0,0.5,0,10.8,100,0.4,38.7,11.4,4.9,0,33.4,0,11.3,0,0,0,0,0,0,0,0,100,0,0,0,0,0,0,0,0,100,0.4,38.7,11.4,4.9,0,33.4,0,11.3,100
MNG,Mongolia,2016,16.8,13.1,6.5,0.1,16.7,13.2,5.1,0,0,6.2,6.8,0.9,14.4,100,2.7,15.4,11.5,6.5,0.1,11.5,0.1,3.5,10.5,5.1,0,0,6.2,6,0.9,20,100,21.6,10.4,0,0.1,12.7,12.3,1.9,41,100,5.3,30,22.3,12.7,0.2,22.5,0.2,6.8,100
MNE,Montenegro,2016,30.5,36,2.2,0,7.5,3.9,0,0,0,0,2,1.1,16.7,100,1.7,22.9,30.7,2.2,0,4.9,0,0.6,2.2,0,0,0,0,2,1.1,31.7,100,5.9,0,0,0,0,5.4,3.1,85.6,100,2.7,36.4,48.7,3.5,0,7.8,0,0.9,100
MAR,Morocco,2016,23.4,15,11.3,0.2,13,11.4,4.3,0,0,0,6.5,0.6,14.2,100,3.5,21.8,14.2,11.3,0.2,10,0.3,4.3,7.9,4,0,0,0,5.8,0.6,16.1,100,23,11.7,0,0.1,0,16.8,1.7,46.7,100,5.4,33.2,21.6,17.2,0.4,15.3,0.4,6.5,100
MOZ,Mozambique,2016,13,11.9,8.2,0.3,5.9,13.9,7.4,12.1,6.1,0.4,5.5,1.7,13.7,100,2.7,11.5,10.8,8.2,0.3,3.2,0.2,2.2,11.2,7.1,12.1,6,0.4,5.2,1.7,17.2,100,18.4,11.7,19.9,9.9,0.6,8.5,2.8,28.2,100,6.8,29.4,27.5,21,0.7,8.3,0.5,5.8,100
MMR,Myanmar,2016,16.8,14.4,7.1,0.4,7.8,18.4,8.3,0.1,0.3,0,8,1.8,16.5,100,3,15.5,13,7.1,0.4,5.6,0.3,3.8,15.4,8,0.1,0.3,0,7,1.8,18.8,100,29.9,15.7,0.2,0.6,0.1,13.5,3.5,36.5,100,6.3,31.8,26.8,14.6,0.7,11.5,0.5,7.8,100
NAM,Namibia,2016,16.4,10.7,5.8,0.2,8.2,17,6.9,1,7.9,0.3,7.1,1.3,17.3,100,2.5,14.3,9.7,5.8,0.2,5.1,0.2,2.3,14.6,6.7,1,7.8,0.3,6.8,1.3,21.4,100,24.3,11.3,1.7,13,0.4,11.3,2.2,35.7,100,6.2,35.8,24.3,14.5,0.4,12.6,0.5,5.7,100
NRU,Nauru,2016,25.9,11.9,8.6,0.2,10.5,14.1,6.2,0,0,0,6,1,15.4,100,3.2,24.5,11.1,8.6,0.2,8.1,0.4,3.9,10.9,5.9,0,0,0,5.5,1,16.7,100,27.3,14.7,0,0,0,13.6,2.6,41.8,100,5.3,40.8,18.4,14.4,0.4,13.5,0.6,6.6,100
NPL,Nepal,2016,21.6,14.9,10.4,0.4,9.6,15.2,5.8,0,0.1,0.4,6.3,1.7,13.7,100,3.6,20.5,14,10.4,0.4,8,0.4,3.9,11.6,5.4,0,0.1,0.4,5.8,1.7,13.8,100,30,13.9,0,0.2,1,15,4.3,35.5,100,5.8,33.4,22.9,17.1,0.6,13.1,0.6,6.4,100
NLD,Netherlands,2016,25.2,10.5,7.2,0,28.7,1.5,0.4,0,0,0,4,0.7,21.8,100,0.1,20.9,9.7,7.2,0,19.9,0,8.2,1.4,0.4,0,0,0,3.8,0.6,27.8,100,4.1,1.2,0,0,0,11.2,1.8,81.7,100,0.2,31.6,14.7,11,0,30.1,0,12.4,100
NZL,New Zealand,2016,28.4,5.6,3.1,0,26.1,6.5,0.7,0,0,0,12.3,1.7,15.6,100,2.5,23.4,5,3.1,0,16.9,0,4.8,4,0.7,0,0,0,11.1,1.7,26.9,100,9,1.7,0,0,0,25,3.8,60.5,100,4.4,42.1,9,5.5,0,30.3,0,8.7,100
NIC,Nicaragua,2016,15.8,6.6,8.2,0,22.4,18.6,5.4,0.1,0.1,0,5.8,1.2,15.9,100,3.8,15.8,6.5,8.2,0,9,0,1.2,14.8,5.4,0.1,0.1,0,5.8,1.2,28.2,100,26.6,9.8,0.2,0.1,0,10.5,2.1,50.7,100,8.5,35.5,14.7,18.4,0,20.3,0,2.7,100
NER,Niger,2016,10.9,8.8,6.9,0.2,3.8,19.1,9.2,16.7,0.3,0.4,6,3.6,14.1,100,2.1,9.2,7.8,6.9,0.2,1.8,0.2,1.6,17,9.1,16.7,0.3,0.4,5.7,3.6,17.5,100,24.1,12.9,23.7,0.5,0.6,8.2,5.1,24.9,100,7.1,30.9,26.3,23.1,0.7,6.1,0.5,5.4,100
NGA,Nigeria,2016,12.1,11.6,4.8,0.9,4.8,19,10.1,12.5,2.3,1.8,5.2,2,12.8,100,2.6,10.3,10.5,4.8,0.9,2.2,0.3,1.8,16.4,9.8,12.5,2.3,1.8,4.8,2,16.9,100,24.6,14.8,18.8,3.4,2.8,7.2,3,25.4,100,7.8,31,31.6,14.3,2.7,6.5,0.8,5.3,100
NIU,Niue,2016,4.7,2.5,0,0,21.6,21.6,2.8,0,0,0,19.4,3.4,24,100,0,0,0,0,0,0,0,0,21.6,2.8,0,0,0,19.4,3.4,52.8,100,21.6,2.8,0,0,0,19.4,3.4,52.8,100,0,0,0,0,0,0,0,0,100
NOR,Norway,2016,15.7,11.5,2.4,0,31.1,1.9,0.6,0,0,0,4.1,0.6,32.4,100,0.2,12.5,10.1,2.4,0,18.6,0,14.5,1.6,0.6,0,0,0,4.1,0.6,34.8,100,3.9,1.4,0,0,0,9.7,1.3,83.7,100,0.4,21.5,17.4,4.1,0,31.9,0,24.8,100
OMN,Oman,2016,21.1,7.4,2.8,0,28.1,6.2,1.2,0,0.3,0,11.4,1.2,20.4,100,0.6,19,6.9,2.8,0,13.6,0,6.3,5.6,1.2,0,0.3,0,11,1.2,31.7,100,11.1,2.3,0,0.5,0,21.6,2.3,62.2,100,1.1,38.7,14,5.6,0,27.8,0,12.8,100
PAK,Pakistan,2016,22.4,14,10.9,1.5,5.4,14.8,8.7,0.1,0.1,0.5,6.5,1.1,13.9,100,3.7,21.2,12.9,10.9,1.5,3.6,0.7,4.1,11.1,8,0.1,0.1,0.5,5,1.1,15.5,100,26.9,19.3,0.1,0.2,1.3,12,2.8,37.5,100,6.3,36.1,22.1,18.6,2.5,6.2,1.3,6.9,100
PLW,Palau,2016,26.8,8.1,5.4,0,23.6,7.5,1.3,0,0,0,12.8,1.3,13.2,100,2.2,25.2,7.1,5.4,0,15.6,0,4.5,5.3,1.3,0,0,0,12.2,1.3,20,100,13.2,3.2,0,0,0,30.4,3.3,49.9,100,3.7,42,11.8,9,0,26,0,7.5,100
PAN,Panama,2016,19.8,8,8.3,0,27,13.1,4.6,0,0.3,0,3.2,0.9,14.9,100,3.8,19.2,7.8,8.3,0,15.2,0,4.4,9.3,4.6,0,0.3,0,2.6,0.9,23.6,100,22.6,11.1,0,0.6,0,6.4,2.2,57.1,100,6.4,32.8,13.3,14.1,0,25.9,0,7.5,100
PNG,Papua New Guinea,2016,14.6,13,7,0.4,7.3,15.6,6.4,12.7,1.3,0.7,5.7,1.9,13.4,100,2.9,13.1,12.1,7,0.4,4.8,0.3,3.2,12.8,6.2,12.7,1.3,0.7,5.2,1.9,15.5,100,22.7,11,22.6,2.3,1.2,9.3,3.3,27.6,100,6.6,30,27.5,16,0.9,11,0.6,7.4,100
PRY,Paraguay,2016,23.9,8,6.9,0.4,21.8,10.3,4.3,0,0.6,0,5.9,1.2,16.7,100,2.3,22.1,7,6.9,0.4,12.4,0,5,8,4.3,0,0.6,0,5.4,1.2,24.4,100,18.3,9.9,0,1.3,0,12.3,2.6,55.6,100,4.1,39.4,12.5,12.2,0.6,22.2,0,9,100
PER,Peru,2016,20,7.9,3.8,0.4,24.5,9.9,4.4,0,0.2,0,8.3,1.3,19.1,100,2,18.9,6.6,3.8,0.4,12.6,0,4.5,7.9,4.4,0,0.2,0,7.8,1.3,29.4,100,15.4,8.6,0,0.4,0,15.3,2.6,57.6,100,4.1,38.7,13.4,7.8,0.9,25.7,0,9.3,100
PHL,Philippines,2016,16.5,12,6.3,0.1,10.5,18.6,7.2,0,0.1,0.8,8.6,1.6,17.7,100,2.8,14.5,11.2,6.3,0.1,7.9,0.2,3.9,15.8,7,0,0.1,0.8,8,1.6,20,100,29.7,13.2,0,0.1,1.4,15,3,37.7,100,5.9,31,23.9,13.4,0.3,16.8,0.5,8.2,100
POL,Poland,2016,35.6,4.2,1.6,0,38,4.9,0.1,0,0,0,4.5,0.7,10.4,100,0.7,30.6,3.4,1.6,0,19.5,0,2.8,4.2,0.1,0,0,0,4.2,0.7,32.2,100,10.2,0.3,0,0,0,10,1.8,77.6,100,1.1,52.2,5.8,2.6,0,33.3,0,4.9,100
PRT,Portugal,2016,21,8.2,4.8,0,25.9,5.3,0.4,0,0,0,3.4,1.2,29.8,100,1.4,20.2,8.2,4.8,0,13,0,11,3.9,0.4,0,0,0,3.1,1.2,32.9,100,9.4,0.9,0,0,0,7.4,2.8,79.4,100,2.3,34.5,14,8.2,0,22.2,0,18.7,100
QAT,Qatar,2016,24.4,7,2.1,0,28.8,4.7,0.5,0,0.2,0,11.6,1.1,19.8,100,0.4,20.8,6.1,2.1,0,14.8,0,5.1,4.3,0.5,0,0.2,0,11.3,1.1,33.3,100,8.5,1,0,0.3,0,22.2,2.2,65.8,100,0.8,42.3,12.4,4.2,0,30,0,10.3,100
ROU,Romania,2016,23.1,2.8,0.8,0,23,28.5,0.4,0,0,0,8.1,0.9,12.3,100,5.1,22.8,2.8,0.8,0,12.2,0,3.6,23.3,0.4,0,0,0,7.5,0.9,20.5,100,44.3,0.7,0,0,0,14.3,1.8,38.9,100,10.9,48.2,5.9,1.7,0,25.7,0,7.6,100
RUS,Russian Federation,2016,20.2,6.2,2.8,0,29.4,6.7,0.8,0,0.9,0,9.9,1.2,21.9,100,0.8,18.2,5.1,2.8,0,13,0,4,5.9,0.8,0,0.9,0,9.5,1.2,37.7,100,10.5,1.4,0,1.6,0,16.9,2.2,67.4,100,1.8,41.4,11.6,6.3,0,29.6,0,9.2,100
RWA,Rwanda,2016,15.2,12.3,7.5,0.1,10.5,13,6.6,6,1.8,0.1,7.7,1,18.1,100,2.6,13,11,7.5,0.1,6.4,0.1,2.4,10.4,6.5,6,1.8,0.1,7.3,1,23.6,100,18.4,11.5,10.5,3.2,0.2,12.8,1.8,41.6,100,5.9,30.2,25.5,17.4,0.3,14.9,0.2,5.5,100
KNA,Saint Kitts & Nevis,2016,27.1,28.6,0,0,21.3,1.8,0.3,0,0,0,8.7,2.1,10.1,100,1.8,22.3,20,0,0,12,0,6.4,0,0.3,0,0,0,4.7,2.1,30.4,100,0,0.8,0,0,0,12.5,5.7,81,100,2.9,35.7,32,0,0,19.2,0,10.2,100
LCA,Saint Lucia,2016,38.3,7.8,3.5,0,14.6,7.4,0,0,0,0,2.8,0,25.6,100,2.3,32.8,7.8,3.5,0,10.3,0,12.3,5.2,0,0,0,0,2.8,0,23.1,100,16.6,0,0,0,0,9.1,0,74.3,100,3.3,47.5,11.3,5.1,0,15,0,17.8,100
WSM,Samoa,2016,22.2,6.7,6.1,0,22.2,8.8,6.5,0,0,0,5,1.1,21.4,100,2.6,21.1,6,6.1,0,12.5,0,4.1,6.1,6.5,0,0,0,4.4,1.1,29.5,100,12.9,13.6,0,0,0,9.3,2.3,61.9,100,5,40.2,11.4,11.6,0,23.9,0,7.8,100
SMR,San Marino,2016,0,0,0,0,8.2,0,0,0,0,0,0,0,91.8,100,0,0,0,0,0,0,0,0,0,0,0,0,0,0,0,100,100,0,0,0,0,0,0,0,100,100,0,0,0,0,0,0,0,0,100
STP,Sao Tome & Principe,2016,14.2,12.2,7.1,0.1,10,12.6,7.7,0,0.4,9.9,7,0.9,17.9,100,2.7,12.4,11.2,7.1,0.1,7.2,0.1,2.9,10,7.6,0,0.4,9.9,6.6,0.9,20.9,100,17.7,13.5,0,0.7,17.6,11.7,1.6,37.2,100,6.1,28.3,25.6,16.3,0.3,16.5,0.2,6.7,100
SAU,Saudi Arabia,2016,24.5,8.1,3.3,0,26.6,5.6,1.1,0,0.1,0,9.9,1.2,19.6,100,0.8,21.7,7.4,3.3,0,14.9,0,5.7,4.9,1.1,0,0.1,0,9.5,1.2,29.4,100,10.5,2.3,0,0.3,0,20.6,2.6,63.6,100,1.4,40.4,13.8,6.2,0,27.6,0,10.5,100
SEN,Senegal,2016,14.2,12.6,10,0.2,8.3,15.2,7.8,4.1,0.8,0.5,7.9,1.7,16.7,100,2.9,12.1,11.5,10,0.2,5.1,0.2,2.6,12.3,7.6,4.1,0.8,0.5,7.6,1.7,20.8,100,22.2,13.7,7.4,1.4,1,13.8,3,37.6,100,6.5,27.1,25.9,22.5,0.4,11.4,0.4,5.7,100
SRB,Serbia,2016,44.2,11.1,1.4,0,20.8,3.7,0.1,0,0,0,4.1,1.2,13.4,100,1.4,39.8,9.1,1.4,0,9.4,0,2.5,2.3,0.1,0,0,0,3.6,1.2,29.2,100,6.3,0.3,0,0,0,10,3.4,80.1,100,2.2,62.6,14.3,2.2,0,14.8,0,3.9,100
SYC,Seychelles,2016,26.2,8.2,6.8,0,24.5,6.1,0.9,0,0,0,8.9,0.8,17.6,100,1.8,24.7,7.6,6.8,0,15.8,0,6.9,4.3,0.9,0,0,0,8.4,0.8,22,100,11.9,2.4,0,0,0,23,2.3,60.4,100,2.9,38.8,12,10.6,0,24.8,0,10.9,100
SLE,Sierra Leone,2016,10.2,9.3,6.1,0.3,4.3,13.3,9,19.6,0.7,6.7,4.8,1.3,14.5,100,1.9,8.2,8.4,6.1,0.3,1.6,0.2,1.7,11.4,8.8,19.6,0.7,6.7,4.6,1.3,18.4,100,15.9,12.3,27.3,1,9.3,6.4,1.9,25.8,100,6.8,28.9,29.7,21.4,0.9,5.8,0.6,5.9,100
SGP,Singapore,2016,19.9,2.8,2.1,0,31.4,10.2,1.1,0,0,0,6.8,0.5,25.2,100,0,15.6,2.4,2.1,0,12,0,7.4,10.2,1.1,0,0,0,6.8,0.5,41.8,100,16.9,1.8,0,0,0,11.3,0.8,69.2,100,0,39.5,6,5.3,0,30.4,0,18.8,100
SVK,Slovakia,2016,29.3,4.8,0.9,0,33.8,10.2,0.4,0,0,0,3.5,1.2,16,100,1.5,24,3.8,0.9,0,17.1,0,3.3,8.7,0.4,0,0,0,3,1.2,36.1,100,17.6,0.8,0,0,0,6.2,2.4,73,100,2.9,47.5,7.5,1.8,0,33.8,0,6.6,100
SVN,Slovenia,2016,33,4.5,5.6,0,28.7,1.4,0,0,0,0,4.7,0,22.1,100,1.4,22,3.5,5.6,0,19.7,0,5,0,0,0,0,0,3.6,0,39.2,100,0,0,0,0,0,8.5,0,91.5,100,2.4,38.6,6.1,9.9,0,34.4,0,8.7,100
SLB,Solomon Islands,2016,14.7,10.7,6,0.1,11.3,17.9,7.2,2,0,0,8.6,2.5,19,100,2.3,12.6,9.3,6,0.1,7.3,0.2,2.7,15.6,7.1,2,0,0,8.4,2.5,24,100,26.2,11.9,3.4,0,0,14.1,4.2,40.3,100,5.7,31.2,23.1,14.8,0.3,18,0.4,6.5,100
SOM,Somalia,2016,9,12.8,3.5,2,4.5,23.3,13.3,1,0.2,7.6,5.5,4.5,12.7,100,3,7.1,11.6,3.5,2,2.1,0.3,1.7,20.3,13,1,0.2,7.6,5.2,4.5,16.8,100,29.6,18.9,1.5,0.3,11,7.6,6.5,24.5,100,9.6,22.6,37,11.3,6.4,6.6,0.9,5.5,100
ZAF,South Africa,2016,13.2,7.2,4.1,0,9,16.7,8.3,0,8,0.6,8.9,1.2,22.8,100,1.5,10.3,5.8,4.1,0,2.9,0,4.2,15.2,8.3,0,7.9,0.6,8.5,1.2,29.5,100,21.3,11.7,0,11,0.9,11.9,1.6,41.5,100,5.3,35.8,20.2,14.1,0,10,0,14.7,100
SSD,South Sudan,2016,13.1,15.2,5.7,2.5,5.4,20.8,8.8,5.4,3,0.5,5.3,3,11.5,100,3.6,11.5,14.2,5.7,2.5,3.3,0.3,2.1,17.2,8.5,5.4,3,0.5,5,3,14.3,100,30.3,14.9,9.4,5.2,0.8,8.8,5.3,25.2,100,8.3,26.6,32.9,13.2,5.7,7.7,0.8,4.8,100
ESP,Spain,2016,21.8,8.8,5.9,0,26.2,2.1,0.3,0,0,0,5,1.3,28.6,100,0.6,18,7.8,5.9,0,14.8,0,12.4,1.5,0.3,0,0,0,4.7,1.2,32.8,100,3.6,0.8,0,0,0,11.7,3.1,80.8,100,1,30.3,13,9.9,0,24.9,0,20.9,100
LKA,Sri Lanka,2016,21.2,7.8,2.3,0.9,27.8,5.7,1.7,0,0,0,7.1,0.7,24.7,100,1.7,19.8,6.8,2.3,0.9,14.4,0,9.8,4,1.7,0,0,0,6.6,0.7,31.3,100,9.1,3.7,0,0.1,0,14.8,1.7,70.6,100,3,35.6,12.2,4.1,1.6,25.8,0,17.7,100
VCT,St Vincent & the Grenadines,2016,25.2,7.8,10.8,0,23.1,11.1,4.3,0,0,0,2.6,0,15.2,100,3.4,21,6.2,10.8,0,14.2,0,6.4,7.7,4.3,0,0,0,2.6,0,23.3,100,20.2,11.4,0,0,0,6.9,0,61.4,100,5.5,33.8,10.1,17.3,0,22.9,0,10.4,100
SDN,Sudan,2016,20.3,11.2,8.3,0.5,6.2,14.8,8.8,1.3,0.3,0.8,7.3,1.3,18.9,100,2.9,18.4,10,8.3,0.5,3.6,0.3,2.1,11.9,8.5,1.3,0.3,0.8,7,1.3,22.9,100,22.1,15.7,2.4,0.6,1.5,12.9,2.5,42.3,100,6.3,40,21.8,18,1,7.8,0.7,4.5,100
SUR,Suriname,2016,24.6,11.6,8.3,0,15.7,6.8,1.6,0,1.4,0,10.7,1.5,17.8,100,0.1,23,10.1,8.3,0,8.6,0,3.1,6.7,1.6,0,1.4,0,10.1,1.5,25.6,100,14.3,3.5,0,2.9,0,21.6,3.2,54.6,100,0.3,43.3,18.9,15.7,0,16.1,0,5.8,100
SWZ,Swaziland,2016,13.6,9.7,4.8,0.2,9.4,15.6,8.1,0,10.4,0,7.6,1.1,19.6,100,2,10.6,8.3,4.8,0.2,2.9,0.1,1.9,13.7,8,0,10.3,0,7.3,1.1,28.9,100,19.7,11.5,0,14.8,0,10.6,1.6,41.7,100,6.4,34.6,27.1,15.5,0.5,9.4,0.3,6.2,100
SWE,Sweden,2016,17.1,11.1,3.1,0,28.3,3.1,0.5,0,0.1,0,4.6,0.4,31.6,100,0.2,11.9,10.7,3.1,0,15.9,0,14,2.9,0.5,0,0.1,0,4.4,0.4,35.8,100,6.6,1.2,0,0.3,0,10,0.9,81,100,0.4,21.3,19.2,5.6,0,28.5,0,25.1,100
CHE,Switzerland,2016,29.5,9.1,3.3,0,33.5,1.4,0.2,0,0,0,5.1,0.5,17.4,100,0.3,27.9,8.5,3.3,0,23.2,0,8.2,1,0.2,0,0,0,4.6,0.5,22.2,100,3.6,0.8,0,0,0,16.2,1.6,77.7,100,0.5,39.1,11.9,4.6,0,32.4,0,11.5,100
SYR,Syria,2016,18.1,7.8,3.9,0.6,17,9.4,20.3,0,0,0.3,9.3,0.5,12.5,100,2.6,17.6,7.4,3.9,0.5,11.7,0,5.1,6.8,20.3,0,0,0.3,8.8,0.5,14.2,100,13.4,39.8,0,0.1,0.6,17.3,1.1,27.7,100,5.3,36,15.2,7.9,1.1,23.9,0,10.5,100
TJK,Tajikistan,2016,16.3,13.3,6.8,0.2,10,17.8,6.7,0,0,0,8,2,18.8,100,2.8,14.7,11.7,6.8,0.2,6.7,0.2,3.5,15,6.5,0,0,0,7.1,2,22.7,100,28.1,12.2,0,0.1,0,13.4,3.8,42.5,100,6.1,31.6,25.1,14.6,0.5,14.3,0.4,7.6,100
TZA,Tanzania,2016,11.5,13.7,7.6,0.2,8.5,15,8.1,5.5,3,0,8.4,1.1,17.3,100,2.8,9.5,12.1,7.6,0.2,4.5,0.1,2.5,12.2,7.9,5.5,3,0,8.1,1.1,22.8,100,20.2,13.1,9,4.9,0,13.3,1.9,37.5,100,7.1,24,30.8,19.3,0.6,11.4,0.3,6.4,100
THA,Thailand,2016,24.2,8.2,4,0.5,26.7,8.2,2.4,0.1,0.2,0.1,6.4,0.7,18.6,100,2.1,22.5,7.6,4,0.5,15.4,0,7,6.1,2.4,0.1,0.2,0.1,5.8,0.7,25.7,100,14.9,5.8,0.2,0.4,0.2,14.2,1.8,62.6,100,3.5,38.2,12.8,6.8,0.8,26.1,0,11.9,100
TLS,Timor Leste,2016,11.5,14.2,8.2,0.3,7.5,21.5,9.7,0,0.1,0,8.6,1.9,16.5,100,3.2,9.6,13.2,8.2,0.3,5.6,0.2,3.8,18.3,9.5,0,0.1,0,8,1.9,18.2,100,32.6,16.9,0,0.2,0,14.2,3.5,32.5,100,7.3,21.8,29.9,18.6,0.7,12.6,0.5,8.6,100
TGO,Togo,2016,10.9,12,6.5,0.3,5.7,15.1,7.4,18.8,2,0.5,5.5,2.2,13,100,2.6,9.3,11,6.5,0.3,3.1,0.2,2.1,12.6,7.2,18.8,2,0.5,5.2,2.2,16.4,100,19.3,11.1,28.9,3.1,0.8,8.1,3.4,25.3,100,7.4,26.4,31.4,18.5,0.9,8.8,0.5,6.1,100
TON,Tonga,2016,19.1,5.9,4.3,0,23.8,10.3,5.4,0,0,0,10.4,1.6,19.2,100,2.4,17.3,4.9,4.3,0,10.5,0,2.6,8,5.4,0,0,0,9.9,1.6,33.3,100,13.7,9.2,0,0,0,17.1,2.7,57.3,100,5.6,41.2,11.6,10.2,0,25.1,0,6.2,100
TTO,Trinidad & Tobago,2016,28.2,8.7,5.9,0,20.9,7.4,0.5,0,0.8,0,5.9,1.1,20.6,100,4,28.2,8.7,5.9,0,11.5,0,8.9,3.5,0.5,0,0.7,0,5.6,0.9,21.6,100,10.5,1.4,0,2.1,0,17.2,2.9,65.8,100,5.9,41.9,13,8.8,0,17.2,0,13.2,100
TUN,Tunisia,2016,24.9,11.1,3,0.6,25.4,7.9,2.4,0,0.1,0,3.2,0.9,20.5,100,2.2,20.7,9.9,3,0.6,15.1,0,8,5.7,2.4,0,0.1,0,2.6,0.9,28.9,100,14,5.8,0,0.3,0,6.3,2.3,71.3,100,3.7,34.7,16.6,5,1.1,25.4,0,13.5,100
TUR,Turkey,2016,24.2,5.1,3.4,0,33.1,3.8,0.9,0,0,0,4.4,0.6,24.6,100,0.7,20.8,4,3.4,0,15.6,0,6.7,3.2,0.9,0,0,0,4.3,0.6,39.9,100,6.5,1.8,0,0,0,8.8,1.2,81.7,100,1.3,40.8,7.7,6.6,0,30.5,0,13.1,100
TKM,Turkmenistan,2016,16.2,13.2,6.1,0.2,12.2,16.8,8,0,0.4,0,7.2,1.2,18.5,100,2.6,14.5,11.1,6.1,0.2,6,0.2,3.4,14.2,7.8,0,0.4,0,6.4,1.2,26,100,25.3,14,0,0.8,0,11.5,2.1,46.4,100,5.9,33,25.1,13.9,0.5,13.6,0.3,7.6,100
TUV,Tuvalu,2016,29.1,11.1,6.6,0,19.9,11.4,2.8,0,0,0,5.6,1.2,12.4,100,3.7,27.4,10.1,6.6,0,13.7,0,5.2,7.8,2.8,0,0,0,4.8,1.2,16.8,100,23.3,8.4,0,0,0,14.5,3.5,50.4,100,5.5,41.1,15.2,9.8,0,20.6,0,7.8,100
UGA,Uganda,2016,12.8,13.4,7.9,0.2,8.1,16.2,7.8,6.7,2.2,0.1,7,2.2,15.5,100,2.9,11.1,12.1,7.9,0.2,4.8,0.2,2.6,13.4,7.6,6.7,2.2,0.1,6.6,2.2,19.7,100,22.9,13.1,11.4,3.7,0.1,11.3,3.8,33.8,100,6.9,26.6,29,18.9,0.5,11.6,0.4,6.1,100
UKR,Ukraine,2016,24.5,6.9,2.5,0,26.4,7.7,7,0,2,0.8,5.5,0.9,15.7,100,3.4,24.2,6.8,2.5,0,17,0,4.9,4.3,7,0,1.9,0.8,4.6,0.9,21.6,100,10.3,17,0,4.7,2,11.2,2.3,52.4,100,5.8,41.2,11.5,4.3,0,28.9,0,8.4,100
ARE,United Arab Emirates,2016,24.9,7.8,2.2,0,30.1,4.6,0.7,0,0.1,0,9.4,1,19.3,100,0.4,21.4,6.7,2.2,0,15.6,0,5.3,4.1,0.7,0,0.1,0,9,1,33.6,100,8.5,1.4,0,0.1,0,18.6,2.1,69.3,100,0.8,41.5,13,4.2,0,30.3,0,10.3,100
GBR,United Kingdom,2016,36.7,6.1,1,0,27.5,3.9,0.3,0,0,0,3.8,1.2,19.6,100,0.8,32,5.4,1,0,18,0,3.3,3,0.3,0,0,0,3.5,1.2,31.5,100,7.7,0.7,0,0,0,8.9,3,79.7,100,1.4,52.9,9,1.7,0,29.7,0,5.4,100
USA,United States of America,2016,27.8,4.8,2.5,0,25,2.8,1.4,0,0,0,12,0.5,23.2,100,0.2,25.9,4.5,2.5,0,14.2,0,9.9,2.5,1.4,0,0,0,11.4,0.5,26.9,100,5.9,3.4,0,0,0,26.7,1.1,62.9,100,0.4,45.3,7.8,4.4,0,24.8,0,17.3,100
URY,Uruguay,2016,21.8,6.9,6.2,0,35.1,4,1.1,0,0,0,7.2,1.7,16.1,100,0.4,19.4,6.6,6.2,0,17,0,4.6,3.6,1.1,0,0,0,6.9,1.7,32.5,100,7.8,2.3,0,0,0,15,3.7,71.1,100,0.7,35.8,12.2,11.5,0,31.4,0,8.5,100
UZB,Uzbekistan,2016,19.9,14.5,7.3,0.1,16.6,13.9,4.7,0,0.1,0,7,1.2,14.6,100,3,18.6,12.8,7.3,0.1,11.4,0.1,3.9,10.9,4.6,0,0.1,0,5.4,1.2,20.5,100,25.5,10.9,0,0.2,0,12.6,2.7,48.1,100,5.3,32.4,22.4,12.7,0.3,19.9,0.2,6.8,100
VUT,Vanuatu,2016,18.2,7.5,3.2,1,16.5,14.1,15.6,0.5,0,0,4.9,1.3,17,100,3.4,17.5,7,3.2,1,8.2,0,3.1,10.7,15.6,0.5,0,0,4.3,1.3,24,100,19,27.6,0.9,0,0,7.7,2.4,42.4,100,7.8,40.2,16.2,7.4,2.2,19,0,7.1,100
VEN,Venezuela,2016,25.9,9.3,10.1,0,20,10.3,4.2,0.7,0.3,0,7.8,1.3,10,100,4.2,25.1,9,10.1,0,11,0,3.7,6.1,4.2,0.7,0.3,0,7.3,1.2,17.1,100,16.5,11.3,2,0.7,0,19.8,3.2,46.4,100,6.7,39.6,14.2,16,0,17.5,0,5.9,100
VNM,Vietnam,2016,23.2,7.8,4.6,0.3,22.5,12.4,5.9,0,0.3,0.1,6.2,1.5,15.2,100,4,21.6,7.2,4.6,0.3,12.1,0,3.6,8.4,5.9,0,0.3,0.1,5.5,1.5,24.8,100,18.2,12.7,0,0.6,0.2,11.8,3.1,53.3,100,7.5,40.4,13.5,8.6,0.6,22.7,0,6.7,100
YEM,Yemen,2016,18.9,12.8,7.3,0.8,6.8,16.7,7.8,0.6,0.1,0.1,9.9,1.4,16.8,100,3.5,16.8,12.1,7.3,0.8,4.7,0.5,3.4,13.2,7.3,0.6,0.1,0.1,9.4,1.4,18.8,100,25.9,14.3,1.2,0.1,0.2,18.5,2.7,37,100,7.1,34.1,24.7,14.8,1.6,9.6,1,6.9,100
ZMB,Zambia,2016,12.1,12.6,6.6,0.3,7,14.3,7.6,6.6,9.5,0.2,6.6,1.2,15.6,100,2.6,10.6,11,6.6,0.2,3.8,0.2,2.4,11.7,7.4,6.6,9.4,0.2,6.2,1.2,20.1,100,18.6,11.8,10.5,14.9,0.4,9.9,1.9,32,100,7,28.4,29.5,17.6,0.7,10.1,0.4,6.3,100
ZWE,Zimbabwe,2016,16.2,12.4,6,0.3,8.9,14.7,8.4,2.2,4.3,0,7,1.4,18.1,100,2.7,13.7,11.3,6,0.3,4.6,0.2,2.2,11.9,8.2,2.2,4.2,0,6.6,1.4,24.3,100,20.3,14,3.7,7.2,0,11.2,2.3,41.2,100,6.7,33.2,27.6,14.7,0.8,11.2,0.4,5.4,100
AFG,Afghanistan,2000,14.2,12.7,5,8.6,3.6,18,12.8,0.2,0,8.3,3.8,3.2,9.5,100,3.4,12.8,12.4,5,8.5,2.3,0.5,2.8,14.5,12.3,0.2,0,8.3,3.3,3.2,10.4,100,27.8,23.6,0.3,0,15.9,6.3,6.2,19.9,100,7.2,26.7,25.9,10.5,17.9,4.8,1.1,5.9,100
ALB,Albania,2000,19,5.9,3.3,0.2,20.2,18.8,2.8,0,0,0.1,11.6,2.5,15.4,100,4.5,18.4,5.4,3.3,0.2,8.1,0,2.1,14.4,2.8,0,0,0.1,11.1,2.5,27.2,100,24.7,4.8,0,0.1,0.2,19.1,4.3,46.9,100,10.7,43.9,12.8,7.9,0.6,19.3,0,4.9,100
DZA,Algeria,2000,22.1,11.6,6.2,0.4,10.4,15.6,8.1,0,0,6.1,5.2,1.5,12.7,100,2.7,20.3,11,6.2,0.4,7.2,0.2,2.7,12.9,8,0,0,6.1,4.7,1.5,16.1,100,26.1,16.2,0,0.1,12.5,9.6,3,32.7,100,5.3,40,21.8,12.3,0.7,14.2,0.3,5.4,100
AND,Andorra,2000,55.1,0,0,0,21.7,0.7,0,0,0,0,0.1,0.3,21.9,100,0,33.3,0,0,0,0,0,0,0.7,0,0,0,0,0.1,0.3,65.5,100,1.1,0.1,0,0,0,0.2,0.5,98.2,100,0,100,0,0,0,0,0,0,100
AGO,Angola,2000,9.2,9.2,3.3,1.7,3.9,21.1,21.1,8.7,0.6,1,3.5,4.7,12.2,100,2,7.6,8.3,3.3,1.7,1.8,0.3,1.4,19.1,20.8,8.7,0.6,1,3.3,4.7,15.7,100,25.9,28.2,11.8,0.8,1.3,4.4,6.4,21.3,100,7.6,28.9,31.7,12.4,6.3,6.8,1.1,5.2,100
ATG,Antigua & Barbuda,2000,34.4,22.4,0,0,20.2,0,0,0,0,0,1.4,1.4,20.3,100,0,31.3,19.4,0,0,13.5,0,3.8,0,0,0,0,0,1.4,1.4,29.3,100,0,0,0,0,0,4.2,4.2,91.5,100,0,46,28.6,0,0,19.8,0,5.6,100
ARG,Argentina,2000,28.8,6.4,6.2,0,23.7,6.6,2,0,0.4,0,8.2,1.5,16.2,100,1.1,26.8,5.8,6.2,0,13.2,0,5,5.6,2,0,0.4,0,7.5,1.4,25.2,100,13.2,4.8,0,0.9,0,17.8,3.2,60,100,1.9,46.1,10.1,10.7,0,22.7,0,8.6,100
ARM,Armenia,2000,24,7.5,4.6,0,16.8,19.8,3.9,0,0.2,0.3,9,2.3,11.6,100,5.9,23.2,6.6,4.6,0,8.8,0,2.5,13.9,3.9,0,0.2,0.3,8.4,2.3,19.4,100,28.8,8.1,0,0.4,0.5,17.3,4.7,40.2,100,11.5,44.9,12.9,8.9,0,17,0,4.9,100
AUS,Australia,2000,17.5,9.8,2.5,0,28.1,2.6,0.1,0,0,0,10.8,1.8,26.8,100,0.3,13.2,9.1,2.5,0,17.4,0,13.9,2.2,0.1,0,0,0,10.4,1.6,29.3,100,5.1,0.2,0,0,0,23.8,3.7,67.1,100,0.6,23.4,16.1,4.4,0,30.9,0,24.6,100
AUT,Austria,2000,22.5,5.6,1.3,0,37.7,1.8,0.3,0,0,0,9.8,1.4,19.6,100,0.7,21.3,5.3,1.3,0,20.7,0,6.2,1.1,0.3,0,0,0,8.4,1.4,33.1,100,2.6,0.6,0,0,0,19,3.2,74.5,100,1.2,38.4,9.6,2.4,0,37.2,0,11.2,100
AZE,Azerbaijan,2000,21.1,12.1,4.2,0.8,7.2,19,12.3,0,0,0.2,5.2,2.3,15.4,100,2.6,19.9,10.6,4.2,0.8,3.9,0.4,2.7,16.4,11.8,0,0,0.2,4.9,2.3,19.1,100,29.9,21.6,0,0,0.4,8.9,4.3,34.8,100,5.9,43.9,23.5,9.3,1.9,8.7,1,5.9,100
BHS,Bahamas,2000,18.7,11.2,6,0,17.4,23.2,1,0,1,0,10.8,0.9,10,100,10.4,14.8,10.2,6,0,7.8,0,2,12.8,1,0,1,0,10.8,0.9,22.4,100,26.2,2,0,2,0,22.1,1.8,45.9,100,20.3,29,20,11.7,0,15.2,0,3.9,100
BHR,Bahrain,2000,18.7,6.8,1.5,0,37.3,1.5,0.7,0,0,0,15,0,18.5,100,0,12.8,6,1.5,0,17.3,0,3,1.5,0.7,0,0,0,15,0,42.1,100,2.5,1.3,0,0,0,25.3,0,70.9,100,0,31.5,14.8,3.7,0,42.6,0,7.4,100
BGD,Bangladesh,2000,14.6,13,10.7,1.3,4.4,20.1,12.4,0,0,4.1,5,3.2,11.3,100,3.9,13.2,12.5,10.7,1.3,3.1,0.7,3.8,16.2,11.7,0,0,4.1,4.5,3.2,11.1,100,32,23,0,0,8,8.9,6.3,21.9,100,7.9,26.9,25.4,21.7,2.6,6.4,1.4,7.7,100
BRB,Barbados,2000,40.5,19.6,0.8,0,8.1,0,0,0,4.4,0,4.2,2.6,19.8,100,0,36.3,15.5,0.8,0,3.9,0,3.6,0,0,0,4.4,0,4.2,2.6,28.8,100,0,0,0,11,0,10.6,6.4,72,100,0,60.5,25.8,1.4,0,6.4,0,5.9,100
BLR,Belarus,2000,21.3,6.8,2.8,0,27.4,14,1.8,0,0.1,0,8,2,15.8,100,3.2,18.9,5.3,2.8,0,12.6,0,3.8,10.9,1.8,0,0.1,0,7.3,2,31.2,100,20.3,3.4,0,0.2,0,13.7,3.8,58.5,100,6.8,40.6,11.5,5.9,0,27,0,8.1,100
BEL,Belgium,2000,17.1,8.8,2.1,0,30.7,1.2,0.7,0,0,0,10,4.1,25.3,100,0.3,13.4,7.9,2.1,0,18.4,0,8.5,0.9,0.7,0,0,0,9.4,4.1,34.2,100,1.9,1.4,0,0,0,19,8.3,69.4,100,0.6,26.4,15.6,4.2,0,36.3,0,16.8,100
BLZ,Belize,2000,27.9,12.8,5.7,0,18.1,9.2,3.6,0,1.3,0,8.8,2.6,10.1,100,0.8,26.8,12.2,5.7,0,13.3,0,1.7,8.4,3.6,0,0.9,0,8.4,2.6,15.6,100,21.2,9,0,2.2,0,21.2,6.6,39.7,100,1.3,44.3,20.2,9.4,0,21.9,0,2.8,100
BEN,Benin,2000,10.5,8.3,5.9,0.4,3.3,18.3,15.1,10.3,1.3,6.6,3.9,3.2,12.8,100,1.8,9,7.5,5.9,0.4,1.3,0.2,1.4,16.5,14.9,10.3,1.3,6.6,3.6,3.2,16,100,22.8,20.6,14.2,1.8,9.1,5,4.5,22.1,100,6.6,32.6,27.3,21.4,1.5,4.8,0.7,5.2,100
BTN,Bhutan,2000,12.1,12.3,8.4,0.5,5.8,21.7,13.6,0.3,0.1,2.6,6.5,2.9,13.1,100,2.8,10.2,11.4,8.4,0.5,3.2,0.4,3.1,18.9,13.2,0.3,0.1,2.6,5.5,2.9,16.4,100,31.6,22.1,0.5,0.1,4.4,9.1,4.9,27.3,100,7,25.5,28.6,20.9,1.2,7.9,0.9,7.9,100
BOL,Bolivia,2000,13.7,13.3,5.2,0.7,8.7,19.3,14.9,0,0.2,0,6.2,2.2,15.5,100,2.7,11.8,11.5,5.2,0.7,3.3,0.3,2.8,16.7,14.6,0,0.2,0,5.6,2.2,22.4,100,27,23.6,0.1,0.3,0,9,3.6,36.4,100,7,30.9,30,13.6,1.8,8.6,0.8,7.4,100
BIH,Bosnia & Herzegovina,2000,26,8.8,3.6,0,29.7,9.8,1.4,0,0,1.7,4.4,1.1,13.4,100,3.6,24.6,8,3.6,0,17.3,0,5.2,6.1,1.4,0,0,1.7,3.6,1.1,23.6,100,16.3,3.8,0,0.1,4.4,9.7,2.9,62.8,100,5.8,39.4,12.9,5.9,0,27.8,0,8.3,100
BWA,Botswana,2000,11.3,7.2,3.5,0.2,3,5.9,3.3,1,43.3,14.7,1.4,0.5,4.6,100,1.7,10.8,7,3.5,0.2,2.2,0.1,1.8,4.2,3.2,1,42.9,14.7,1.2,0.5,4.9,100,5.8,4.4,1.4,59,20.3,1.7,0.7,6.8,100,6.3,39.5,25.5,13,0.8,8.1,0.4,6.5,100
BRA,Brazil,2000,21.5,7.9,6.9,0,14.3,12.7,8,0,0.5,0,4.9,2.7,20.4,100,1.7,20.3,7.2,6.9,0,6.4,0,5,11.1,8,0,0.5,0,4.7,2.7,25.4,100,21.1,15.2,0.1,0.9,0,9,5.1,48.5,100,3.5,42.5,15.2,14.6,0,13.5,0,10.6,100
BRN,Brunei,2000,15.7,3.6,4.6,0,36,4.6,0.7,0,0,0,11.6,0.7,22.4,100,0.7,15.7,3.6,4.6,0,14.4,0,2.8,3.9,0.7,0,0,0,11.6,0.7,41.2,100,6.7,1.2,0,0,0,19.9,1.2,70.9,100,1.7,37.6,8.6,11,0,34.5,0,6.6,100
BGR,Bulgaria,2000,11.5,7.1,3.2,0,26.8,22.4,2.8,0,0,0,5.8,1.5,19,100,2.7,11.5,7.1,3.2,0,13.4,0,6.5,19.7,2.8,0,0,0,5.5,1.5,26.2,100,35.4,5,0,0,0,9.8,2.6,47.2,100,6,25.9,16,7.1,0,30.3,0,14.7,100
BFA,Burkina Faso,2000,8.1,6.6,4.1,0.6,1.9,10.2,8.5,34.6,2.2,12.5,1.9,2.9,5.9,100,1.6,7.4,6.2,4.1,0.6,1.1,0.2,1.1,8.6,8.3,34.6,2.2,12.5,1.6,2.9,7,100,11.1,10.7,44.5,2.8,16.1,2.1,3.7,9,100,7.1,33.1,28,18.3,2.8,5,0.9,4.8,100
BDI,Burundi,2000,8.8,8.4,3.8,0.7,2.7,17.5,13.3,20.1,2.8,4.9,3.5,4,9.5,100,2,7.6,7.7,3.8,0.7,1.3,0.2,1.3,15.5,13.1,20.1,2.7,4.9,3.3,4,11.7,100,20.5,17.4,26.7,3.6,6.5,4.4,5.3,15.6,100,8.1,30.8,31.3,15.4,2.7,5.3,1,5.4,100
KHM,Cambodia,2000,11.7,10.7,4.1,1.1,3.8,22.1,15.5,3.3,1,3.6,5.3,4.1,13.6,100,2.4,10.1,9.8,4.1,1.1,2,0.5,2.3,19.7,15,3.3,1,3.6,5,4.1,15.8,100,29.2,22.3,5,1.4,5.3,7.4,6.1,23.4,100,7.5,31.2,30.3,12.7,3.5,6.3,1.5,7.1,100
CMR,Cameroon,2000,9.2,7.5,2.9,0.5,3.6,18.2,15.7,15.5,4,4.3,3.7,2.9,11.9,100,1.6,7.6,6.6,2.9,0.5,1.2,0.2,1.1,16.6,15.5,15.5,4,4.3,3.6,2.9,15.9,100,21.2,19.8,19.8,5.1,5.5,4.5,3.7,20.3,100,7.3,35,30.6,13.2,2.5,5.4,0.9,5.2,100
CAN,Canada,2000,24.9,9.4,2.2,0,29.1,2.3,0.4,0,0,0,7.4,1.5,22.7,100,0.3,22.4,9.1,2.2,0,16.7,0,8,2,0.4,0,0,0,7.2,1.4,30.1,100,4.9,1,0,0,0,17.4,3.5,73.2,100,0.5,38.1,15.5,3.8,0,28.4,0,13.6,100
CPV,Cape Verde,2000,16.5,7.9,4.1,1.3,13.5,17.1,10.4,0,3.5,5.9,3.4,1.4,15,100,2,15.8,7.6,4.1,1.3,5.8,0,5.9,15.1,10.4,0,3.5,5.9,3,1.4,18.2,100,26.3,18,0,6.1,10.3,5.3,2.4,31.7,100,4.6,37.2,18,9.7,3.1,13.7,0,13.8,100
CAF,Central African Republic,2000,10.4,9,3.6,1.8,2.7,12.9,11,22,6.5,6.3,2.3,4.1,7.4,100,2.1,9.4,8.5,3.6,1.8,1.5,0.3,1.4,10.8,10.6,22,6.4,6.3,2.1,4.1,8.9,100,15.1,14.9,30.9,9,8.8,3,5.8,12.5,100,7.4,32.8,29.7,12.7,6.2,5.2,1.2,4.9,100
TCD,Chad,2000,8.9,9.2,3.5,1.9,3.4,21.7,19.6,6.1,1.4,5.3,3.8,4.3,10.8,100,2.1,7.3,8.3,3.5,1.9,1.6,0.2,1.2,19.6,19.4,6.1,1.4,5.3,3.7,4.3,14.1,100,26.5,26.3,8.2,1.9,7.2,5,5.9,19.1,100,8.1,28,31.8,13.5,7.3,5.9,0.8,4.6,100
CHL,Chile,2000,23.7,4.5,3.2,0,33.5,9.9,0.9,0,0.1,0,9.8,2,12.3,100,1.3,20.9,4.2,3.2,0,19.9,0,2.3,8.6,0.9,0,0.1,0,9.3,1.9,27.3,100,17.9,1.9,0,0.3,0,19.3,3.9,56.7,100,2.5,40.4,8.2,6.3,0,38.3,0,4.4,100
CHN,China,2000,15.1,15.8,0.9,0.7,12.3,20.3,5.2,0,0.1,0.3,15.3,1.5,12.5,100,8.5,14.7,15.8,0.9,0.7,6.7,0.4,8.5,11.9,4.8,0,0.1,0.3,11.4,1.5,14,100,27.1,10.9,0,0.2,0.7,25.9,3.4,31.9,100,15.1,26.1,28.1,1.5,1.2,12,0.7,15.2,100
COL,Colombia,2000,24.7,9,5.4,0,15.3,12.5,5.9,0.1,0.2,0,6.4,1.9,18.4,100,2.4,23.9,8.5,5.4,0,9.3,0,5.2,10.1,5.9,0.1,0.2,0,6,1.8,21.1,100,22.4,13.1,0.3,0.4,0,13.2,3.9,46.6,100,4.4,43.7,15.6,9.9,0,17,0,9.5,100
COM,Comoros,2000,17.7,11.5,6.2,1.2,4.6,20.6,14,1.8,0.1,0,4.8,3.6,14,100,2.9,16.1,10.6,6.2,1.2,2.3,0.5,1.9,17.7,13.5,1.8,0.1,0,4.6,3.6,17,100,30.3,23.2,3,0.1,0,7.9,6.2,29.2,100,6.9,38.6,25.5,14.8,3,5.6,1.1,4.6,100
COG,Congo,2000,11.8,9.2,3.1,0.5,4.2,16.5,12.9,11.9,4.1,7.5,3.8,2,12.5,100,2,10.3,8.4,3.1,0.5,1.8,0.2,1.7,14.5,12.7,11.9,4.1,7.5,3.5,2,15.8,100,20.1,17.6,16.6,5.6,10.4,4.8,2.8,22,100,7.1,36.7,29.9,11.1,1.9,6.4,0.7,6.2,100
COD,Congo DR,2000,9.9,8.2,2.7,0.9,2.5,12.9,10.7,31.8,1.3,5,2.5,3.1,8.6,100,1.8,9,7.7,2.7,0.9,1.4,0.2,1.4,11.1,10.5,31.8,1.3,5,2.3,3.1,10.1,100,14.8,13.9,42.3,1.7,6.7,3,4.1,13.4,100,7.2,36,30.9,10.8,3.5,5.4,0.9,5.4,100
COK,Cook Islands,2000,23.1,10,5.3,0,23,13.4,2.8,0,0,0,5.3,1.5,15.5,100,1.3,21.1,8.7,5.3,0,13.8,0,7.1,12.2,2.8,0,0,0,4.8,1.5,21.6,100,28.4,6.6,0,0,0,11.2,3.4,50.4,100,2.2,36.8,15.2,9.3,0,24.1,0,12.3,100
CRI,Costa Rica,2000,24.3,7.3,4,0,31.7,7.3,3.6,0,0.2,0,4.3,1,16.4,100,1.8,21.9,6.9,4,0,20.3,0,3.4,5.5,3.6,0,0.2,0,4,0.9,27.5,100,13.2,8.6,0,0.6,0,9.7,2.1,65.9,100,3.1,37.6,11.8,6.8,0,34.8,0,5.9,100
CIV,Cote d Ivoire,2000,11.8,10.2,5.9,1.2,2.8,11.2,8.4,27.9,5.1,4.6,2.2,1.5,7.3,100,2.4,11,9.7,5.9,1.1,1.7,0.3,1.9,8.8,8.1,27.9,5,4.6,1.9,1.5,8.2,100,13.3,12.2,42.3,7.6,7,2.9,2.2,12.4,100,7,32.3,28.6,17.4,3.4,4.9,1,5.4,100
HRV,Croatia,2000,30.8,6.7,4.9,0,30.1,5.5,0.4,0,0,0,8.5,1.5,11.6,100,3,28.2,6,4.9,0,19,0,4.1,2.6,0.4,0,0,0,8.5,1.5,22,100,7.3,1,0,0,0,24.5,4.2,62.9,100,4.6,43.3,9.2,7.5,0,29.2,0,6.3,100
CUB,Cuba,2000,15.1,12.1,6.5,0,26.9,6.1,1.4,0,0,0,8.6,3,20.4,100,1.5,15.1,10.5,6.5,0,12.8,0,3.2,4.5,1.4,0,0,0,7.9,3,33.6,100,9,2.8,0,0,0,15.7,6,66.5,100,3.1,30.4,21.1,13,0,25.8,0,6.5,100
CYP,Cyprus,2000,21.4,3.1,2,0,18.5,2.7,0.1,0,0.4,0,7.1,2.1,42.6,100,0,14.1,1.5,2,0,7.7,0,22.9,2.7,0.1,0,0.4,0,6.6,2.1,40,100,5.1,0.2,0,0.7,0,12.8,4,77.2,100,0,29.2,3.1,4.2,0,16,0,47.5,100
CZE,Czech Republic,2000,19.2,11.3,2.3,0,19.9,4.8,0.2,0,0,0,12.8,1.9,27.4,100,0.6,16.1,9.3,2.3,0,10.1,0,9.9,4.2,0.2,0,0,0,12.6,1.9,32.6,100,8.1,0.5,0,0,0,24.5,3.8,63.2,100,1.3,33.2,19.2,4.8,0,21,0,20.5,100
DNK,Denmark,2000,26.9,11.7,1.7,0,34.8,1.4,0,0,0,0,6.6,1.6,15.3,100,0.2,24.7,10.5,1.7,0,20.3,0,6,1.1,0,0,0,0,6.2,1.4,27.9,100,3.1,0,0,0,0,17,3.8,76.2,100,0.4,39,16.6,2.6,0,32,0,9.5,100
DJI,Djibouti,2000,16,13,4.3,1.9,4.6,17.5,12.9,0.2,3.1,7,4.4,2.6,12.4,100,3,14.6,12.4,4.3,1.9,2.8,0.7,3.3,14.5,12.2,0.2,3.1,7,3.8,2.6,13.6,100,25.5,21.4,0.4,5.5,12.4,6.7,4.5,23.8,100,7,34,28.8,9.9,4.3,6.5,1.7,7.8,100
DMA,Dominica,2000,42.3,9.8,4.2,0,21.3,4.3,0,0,0,0,1.6,0,16.5,100,0,38.1,6.8,4.2,0,13.1,0,4.5,4.3,0,0,0,0,1.6,0,27.4,100,13,0,0,0,0,4.7,0,82.3,100,0,57.1,10.3,6.2,0,19.6,0,6.7,100
DOM,Dominican Republic,2000,25.9,13,6.2,0,12.1,13.5,6.9,0,5.2,0,5,1.3,10.8,100,3.3,24.2,12.4,6.2,0,8.4,0.3,3.3,10.3,6.6,0,5.2,0,3.8,1.3,14.6,100,24.6,15.8,0,12.4,0,9.1,3,35,100,5.6,41.5,21.4,10.6,0.1,14.5,0.5,5.7,100
ECU,Ecuador,2000,23.6,6.1,4.5,0,22.4,14.3,2.9,0.3,0.6,0,9.8,0.9,14.7,100,1.5,21.2,5.5,4.5,0,12.6,0,4.7,12.8,2.9,0.3,0.6,0,9.1,0.8,23.4,100,25.6,5.8,0.5,1.2,0,18.3,1.7,46.9,100,3,42.4,11.1,9,0,25.1,0,9.4,100
EGY,Egypt,2000,23.9,10.9,3.2,1.3,12.5,17.4,8.1,0,0,2,2.2,1.5,17,100,3.6,21.3,10.3,3.2,1.3,5.8,0,2.5,13.8,8.1,0,0,2,1.5,1.5,25.1,100,26.5,15.5,0,0,3.9,3,2.8,48.2,100,7.4,44.5,21.4,6.7,2.7,12.1,0,5.2,100
SLV,El Salvador,2000,17.6,8.2,5.5,0.5,15.8,17,8.4,0,1.2,0,7.4,1.6,16.9,100,2.1,17.1,8,5.5,0.5,7,0,3.6,14.8,8.4,0,1.2,0,7,1.6,23.2,100,26.4,14.9,0,2.1,0,12.5,2.9,41.2,100,4.9,39.1,18.2,12.5,1.1,15.9,0,8.3,100
GNQ,Equatorial Guinea,2000,11.9,9.7,3.5,1.2,3.9,15.8,13.2,16.7,2.3,5.8,3.3,1.3,11.4,100,2.2,10.5,9,3.5,1.2,1.7,0.6,2.4,13.6,12.6,16.7,2.3,5.8,2.9,1.3,13.7,100,19.7,18.3,24.2,3.3,8.4,4.2,2,19.9,100,7,33.9,29,11.4,3.8,5.4,1.8,7.6,100
ERI,Eritrea,2000,8.2,8.6,5.2,0.3,3.5,19,12.2,0.3,1.7,22.3,4.9,3.4,10.5,100,2,6.8,7.9,5.2,0.3,1.9,0.2,1.4,17,12.1,0.3,1.6,22.3,4.7,3.4,13.1,100,22.8,16.2,0.3,2.2,29.9,6.3,4.6,17.6,100,7.9,26.5,30.8,20.3,1.2,7.3,0.6,5.3,100
EST,Estonia,2000,15.5,3.9,9.1,0,28.1,7.5,2,0,0,0,24.5,1.1,8.4,100,3.2,15.5,3.9,9.1,0,11,0,5.2,4.2,2,0,0,0,21.2,1.1,23.6,100,8.1,3.9,0,0,0,40.7,2,45.2,100,6.8,32.4,8.1,18.9,0,23,0,10.8,100
ETH,Ethiopia,2000,9.9,11.7,4.8,3.3,3.4,21.1,15.7,1.2,2.9,4.7,4.2,7.1,9.9,100,3,8.3,11.2,4.8,3.3,2,0.3,1.6,18,15.4,1.2,2.9,4.7,3.9,7.1,12.2,100,27.5,23.5,1.8,4.5,7.2,6,10.9,18.6,100,8.8,24,32.4,13.9,9.5,5.7,1,4.7,100
FSM,Federated States of Micronesia,2000,18,13.1,4.3,0.5,9.2,17.7,11.1,0,0,1.1,6.1,2.1,16.8,100,3,16.2,11.9,4.3,0.5,5.5,0.4,3.6,14.7,10.8,0,0,1.1,5.8,2.1,20.1,100,27,19.7,0,0,2.1,10.6,3.9,36.7,100,6.5,35.8,26.2,9.4,1.1,12.2,0.8,7.9,100
FJI,Fiji,2000,19.2,8.2,4.3,0.4,20.1,12.3,5.3,0,0.1,1.9,9.4,2.5,16.4,100,2.2,17.4,7.3,4.3,0.4,9.7,0,5.3,10.1,5.3,0,0.1,1.9,8.9,2.5,24.6,100,19,9.9,0,0.2,3.6,16.7,4.6,46,100,4.7,37.4,15.6,9.2,0.8,20.9,0,11.4,100
FIN,Finland,2000,22.3,7.8,1.7,0,40.4,1.6,1,0,0,0,6.5,0.5,18.2,100,0,19.2,7.3,1.7,0,23,0,6.4,1.6,1,0,0,0,6.5,0.5,32.8,100,3.8,2.3,0,0,0,15.3,1.3,77.3,100,0,33.3,12.6,3,0,40,0,11.1,100
FRA,France,2000,17.3,11.9,3.4,0,27.8,1.5,1.5,0,0.1,0,9.1,2.2,25.2,100,0.2,12.9,10.2,3.4,0,17.6,0,6.1,1.3,1.5,0,0.1,0,8.7,2,36,100,2.7,3.1,0,0.2,0,17.4,4.1,72.5,100,0.4,25.6,20.3,6.7,0,34.9,0,12.2,100
GAB,Gabon,2000,16.4,9.6,4.1,0.5,5.1,13.2,8.9,8,11.8,8.1,3.3,1,9.8,100,2.3,15.1,9,4.1,0.5,2.7,0.2,1.7,10.9,8.7,8,11.6,8.1,3.1,1,12.8,100,17,13.5,12.4,18.1,12.7,4.8,1.6,20,100,6.5,42.3,25.2,11.6,1.4,7.6,0.7,4.7,100
GMB,Gambia The,2000,10.7,11.4,8.4,0.4,4.4,16.4,15.7,6.5,1.2,4.2,4.8,2.5,13.4,100,2.4,9,10.5,8.4,0.4,2,0.1,2.1,14,15.5,6.5,1.2,4.2,4.4,2.5,16.8,100,21.5,23.9,9.9,1.8,6.5,6.8,3.8,25.8,100,6.8,25.7,30.1,24.2,1.2,5.6,0.4,5.9,100
GEO,Georgia,2000,28.4,8.3,5.6,0,14.6,16.9,3.4,0,0.1,0,9.6,1.8,11.2,100,6.9,28.2,8,5.6,0,8.8,0,2.7,10,3.4,0,0.1,0,8.9,1.8,15.7,100,25.1,8.4,0,0.2,0.1,22.2,4.6,39.3,100,11.4,46.8,13.3,9.4,0,14.6,0,4.5,100
DEU,Germany,2000,28.5,5.1,1.7,0,33.4,1.7,0.4,0,0.1,0,7.1,1.8,20.1,100,0.2,23.7,3.7,1.7,0,17.2,0,4.8,1.6,0.4,0,0.1,0,6.5,1.7,38.4,100,3.2,0.7,0,0.2,0.1,13.4,3.6,78.8,100,0.3,46.3,7.2,3.4,0,33.5,0,9.4,100
GHA,Ghana,2000,11.6,11,6.5,0.7,3.6,12.6,8.4,16.7,5.3,10.8,3.1,1.8,7.9,100,2.5,10.7,10.4,6.5,0.7,2.2,0.2,1.9,10.1,8.2,16.7,5.2,10.8,2.7,1.8,9.3,100,15.6,12.6,25.8,8,16.6,4.2,2.8,14.4,100,7.2,30.4,29.7,18.4,1.9,6.3,0.7,5.4,100
GRC,Greece,2000,35.2,5.9,1.4,0,37.5,3.6,0,0,0,0,6.4,1.5,8.5,100,0.5,35.2,5.9,1.4,0,17,0,1.1,3.2,0,0,0,0,6.4,1.5,27.9,100,8.1,0,0,0,0,16.5,3.8,71.5,100,0.8,57.7,9.6,2.3,0,27.8,0,1.8,100
GRD,Grenada,2000,28.8,23.2,11.5,0,3.2,8.6,3.1,0,0,0,7.6,0,14,100,0,25.3,13.9,11.5,0,0.9,0,0,8.6,3.1,0,0,0,7.6,0,29.1,100,17.8,6.3,0,0,0,15.7,0,60.1,100,0,48.9,26.9,22.4,0,1.8,0,0,100
GTM,Guatemala,2000,13.4,12.6,7.1,0,7.5,22.4,12.7,0,0.2,0,7.3,2.6,14.2,100,3,11.2,11.9,7.1,0,4.8,0.3,3.1,19.4,12.4,0,0.2,0,6.6,2.6,17.2,100,33.1,21.2,0.1,0.4,0,11.3,4.5,29.5,100,7.2,27.1,28.7,17.2,0.1,11.7,0.6,7.4,100
GIN,Guinea,2000,8.2,9.2,5.6,0.8,2.9,14.4,12.2,17.2,1.3,14.2,2.7,2.7,8.5,100,2,7.3,8.4,5.6,0.8,1.4,0.2,1.5,12.4,11.9,17.2,1.3,14.2,2.5,2.7,10.4,100,17.1,16.4,23.6,1.8,19.6,3.4,3.7,14.4,100,7.3,26.8,30.8,20.6,3,5.2,0.8,5.4,100
GNB,Guinea-Bissau,2000,11.7,9.5,4.9,2.3,3.3,17.4,15.3,8.3,1.9,9.3,3.2,3.2,9.7,100,2.3,10.3,8.8,4.9,2.3,1.5,0.3,1.5,15.1,15,8.3,1.9,9.3,2.9,3.2,12.4,100,22.2,22,12.2,2.7,13.7,4.3,4.7,18.2,100,7.3,32.2,27.5,15.2,7.2,4.8,1.1,4.7,100
GUY,Guyana,2000,26.9,12.1,8.3,0,9.7,8,11.5,3.1,2.2,0,4.4,0.8,13,100,1.4,26.8,11.7,8.3,0,5.5,0,3.3,6.6,11.5,3.1,2.2,0,4.4,0.7,14.7,100,15.3,26.7,7.1,5,0,10.2,1.6,34.1,100,2.5,47,20.5,14.7,0,9.6,0,5.8,100
HTI,Haiti,2000,11.5,9.7,4.1,0.6,4.7,24.1,17.6,0.5,3.6,0,5.9,4.1,13.6,100,2.3,9.8,8.2,4.1,0.5,1.8,0.4,2.2,21.8,17.2,0.5,3.5,0,5.6,4.1,17.8,100,30.9,24.3,0.7,5,0,7.9,5.9,25.3,100,7.8,33.3,28,13.9,1.8,6,1.5,7.7,100
HND,Honduras,2000,20.1,8.9,6.1,0.4,12.7,13.8,8.7,0.1,1.9,0,1.6,1.4,24.2,100,2.2,18.5,8,6.1,0.4,6.4,0,5.5,11.6,8.7,0.1,1.9,0,1.2,1.4,27.9,100,22,16.5,0.2,3.6,0,2.2,2.7,52.8,100,4.7,39.3,16.9,13,0.8,13.6,0,11.7,100
HUN,Hungary,2000,42.5,4.7,0.3,0,23.9,7.6,0.1,0,0,0,7.3,1.3,12.3,100,1.5,36.4,2.8,0.3,0,11.1,0,4.4,6.1,0.1,0,0,0,5.6,1.2,30.4,100,14,0.3,0,0,0,12.9,2.8,70,100,2.7,64.4,5,0.5,0,19.6,0,7.7,100
ISL,Iceland,2000,32.1,10.7,0,0,18.2,0,0,0,0,0,7.8,0,31.2,100,0,32.1,10.7,0,0,2.5,0,7.6,0,0,0,0,0,7.8,0,39.2,100,0,0,0,0,0,16.7,0,83.3,100,0,60.6,20.2,0,0,4.8,0,14.4,100
IND,India,2000,17.5,13.2,7.6,2.3,4.9,19.2,13.5,0.4,0.4,3,3.1,2.7,12.2,100,3.4,16,12.8,7.6,2.3,3.2,0.7,3.7,15.8,12.8,0.4,0.3,3,2.7,2.7,12.6,100,31.5,25.4,0.8,0.7,5.9,5.5,5.3,25,100,6.9,32.1,25.8,15.3,4.6,6.5,1.4,7.5,100
IDN,Indonesia,2000,14.7,12.6,6,0.3,6.7,18,10,0.2,0,9.4,5.7,3.2,13.4,100,2.7,13.6,11.5,6,0.3,4.9,0.2,3.3,15.3,9.8,0.2,0,9.4,5.1,3.2,14.5,100,26.6,17,0.3,0.1,16.3,8.9,5.5,25.2,100,6.3,32.1,27.1,14.1,0.7,11.4,0.5,7.8,100
IRN,Iran,2000,20.7,12.4,7.5,0.2,11.2,16.7,8.5,0,0.1,0.6,5.8,2.4,13.9,100,2.8,18.7,11.9,7.5,0.2,8,0.1,3.3,13.9,8.4,0,0.1,0.6,5.3,2.4,16.8,100,29.3,17.7,0,0.2,1.2,11.1,5.1,35.5,100,5.4,35.6,22.6,14.3,0.4,15.2,0.3,6.3,100
IRQ,Iraq,2000,17.9,15.2,9.2,0.5,9.4,17.4,9.3,0,0,1,6,1.5,12.6,100,3.6,16.6,14.3,9.2,0.5,6.9,0.4,3.9,13.8,8.9,0,0,1,4.9,1.5,14.5,100,31,20,0,0,2.3,10.9,3.4,32.3,100,6.4,30,25.8,16.6,0.9,12.5,0.7,7.1,100
IRL,Ireland,2000,19.5,5.8,2.1,0,41.2,2.7,0,0,0,0.8,3.2,4.2,20.4,100,0.2,19.1,4.2,2.1,0,27.8,0,3.6,2.5,0,0,0,0.8,3.2,4.2,32.2,100,5.8,0,0,0,1.9,7.4,9.8,75.1,100,0.4,33.4,7.3,3.7,0,48.8,0,6.4,100
ISR,Israel,2000,30.3,3.9,2.7,0,26.3,1.7,0.8,0,0,0,6.3,0.3,27.7,100,0.6,25.9,2.6,2.7,0,16.3,0,5.2,1.1,0.8,0,0,0,5.9,0.2,38.8,100,2.3,1.8,0,0,0,12.6,0.3,83,100,1.1,48.7,4.8,5,0,30.6,0,9.8,100
ITA,Italy,2000,30.3,10.7,1.9,0,31.8,1.7,0,0,0.2,0,4.1,0.4,18.8,100,0.4,30.1,8.4,1.9,0,18,0,3.9,1.3,0,0,0.2,0,4,0.4,31.4,100,3.5,0.1,0,0.6,0,10.6,1.1,84.1,100,0.6,48.1,13.5,3,0,28.7,0,6.1,100
JAM,Jamaica,2000,40.2,13.3,8.4,0,12.6,3.3,1.8,0,9.2,0,1.1,0.6,9.6,100,1.8,39.7,12.9,8.4,0,9.8,0,3.4,1.5,1.8,0,9.1,0,1,0.4,10.1,100,6.2,7.4,0,38,0,4.1,1.8,42.4,100,2.4,52.2,16.9,11.1,0,12.9,0,4.5,100
JPN,Japan,2000,10.5,5.3,2.3,0,40,6.8,0.6,0,0,0.2,12.4,1.1,20.9,100,0.5,8.8,4.8,2.3,0,18.8,0,4.6,6.3,0.6,0,0,0.2,11.8,1.1,40.4,100,10.4,1,0,0,0.4,19.5,1.9,66.9,100,1.2,22.1,12.2,5.7,0,47.3,0,11.5,100
JOR,Jordan,2000,25.5,10.1,5,1.4,17.7,11.6,4.8,0,0,0,8.4,1.4,14.2,100,2.7,24.3,9.8,5,1.4,11.3,0,6.5,8.9,4.8,0,0,0,7.7,1.4,16.2,100,22.9,12.3,0,0.1,0.1,19.7,3.5,41.4,100,4.4,39.9,16,8.2,2.3,18.5,0,10.6,100
KAZ,Kazakhstan,2000,21,11.6,4.6,0.3,11.6,18,9.9,0,0,0,6.2,1.8,14.9,100,2.5,19.6,9.9,4.6,0.3,6.4,0.2,2.6,15.5,9.8,0,0,0,5.5,1.8,21.2,100,28.8,18.1,0,0.1,0,10.3,3.4,39.4,100,5.4,42.6,21.4,10.1,0.6,13.9,0.4,5.7,100
KEN,Kenya,2000,10.2,10.7,4.8,0.5,4.2,17,11.7,6.2,16.1,1.3,4.1,2.6,10.5,100,2.4,8.8,10,4.8,0.5,2.1,0.2,1.9,14.6,11.5,6.2,15.9,1.3,3.8,2.6,13.4,100,21,16.5,9,23,1.9,5.5,3.8,19.3,100,7.9,28.5,32.6,15.6,1.5,6.9,0.6,6.3,100
KIR,Kiribati,2000,14.4,13.3,5.6,0.4,8,20.4,12.6,0,0,0,5.6,3.2,16.5,100,2.7,12.9,11.7,5.6,0.4,4.1,0.2,3.2,17.7,12.4,0,0,0,5.4,3.2,20.5,100,29.9,21,0,0,0,9.1,5.3,34.7,100,6.6,31.5,28.7,13.6,1.1,10,0.6,7.9,100
PRK,Korea DPR,2000,19.4,11.1,4.2,0.4,7.1,19.7,12,0,0,0,6,3.6,16.5,100,2.5,17.7,10.4,4.2,0.4,5,0.2,2.9,17.2,11.8,0,0,0,5.5,3.6,18.7,100,30.2,20.8,0,0,0,9.7,6.3,32.9,100,5.8,40.9,24.1,9.7,0.9,11.5,0.5,6.6,100
KOR,Korea Rep,2000,24.7,6.2,4.6,0,24,5.3,0.8,0,0,0.3,14.9,1.4,17.6,100,0.9,20.5,4.2,4.6,0,12.5,0,2.5,4.4,0.8,0,0,0.3,14.6,1.4,33.4,100,8,1.5,0,0.1,0.6,26.6,2.5,60.7,100,2,45.4,9.3,10.2,0,27.7,0,5.5,100
KWT,Kuwait,2000,23.7,3.8,1.5,0,45.1,6,0.4,0,0,0,6.8,0.9,11.8,100,0.8,21,2.4,1.5,0,24.9,0,2.1,5.2,0.4,0,0,0,6.6,0.7,34.4,100,11.1,0.9,0,0,0,13.8,1.5,72.7,100,1.5,39.9,4.5,2.9,0,47.3,0,3.9,100
KGZ,Kyrgyzstan,2000,10.7,14.4,6.7,0,8.8,33.7,8.4,0,0,0,7.9,2.5,6.9,100,4,10.4,14.1,6.7,0,6.1,0,1.5,29.7,8.4,0,0,0,7.7,2.5,8.9,100,52,14.7,0,0,0,13.5,4.3,15.5,100,9.3,24.2,33,15.8,0,14.3,0,3.5,100
LAO,Lao PDR,2000,10.9,12.6,4.2,2.8,4,22.3,16,0.8,0,6.1,5.2,3.4,11.8,100,3.2,9.4,11.7,4.2,2.8,2.3,0.7,2.6,19.2,15.3,0.8,0,6.1,4.7,3.4,13.7,100,30.4,24.2,1.3,0.1,9.6,7.4,5.3,21.8,100,8.6,25.6,31.8,11.3,7.5,6.3,1.8,7.1,100
LVA,Latvia,2000,16.8,13.6,1.5,0,35,4.6,0,0,0,0,13.8,1.7,13,100,2.3,14,11.8,1.5,0,15.2,0,4.5,2.4,0,0,0,0,12.2,1.7,34.4,100,4.7,0,0,0,0,24.1,3.4,67.8,100,4.6,28.5,23.8,3.1,0,30.8,0,9.2,100
LBN,Lebanon,2000,23.8,9.5,5.5,0,21.7,10.3,3.9,0,0.3,0.2,10.2,1.2,13.4,100,2.9,23.3,9.4,5.5,0,13.9,0,4.6,7.4,3.9,0,0.3,0.2,9.6,1.2,17.9,100,18.2,9.7,0,0.8,0.6,23.7,2.9,44.2,100,4.9,39.2,15.7,9.2,0,23.3,0,7.7,100
LSO,Lesotho,2000,12.5,11.7,5,0.9,4.1,14.4,9.6,0,25.4,1.8,3.1,2.1,9.4,100,2.7,11.3,11.1,5,0.9,2.2,0.4,2.4,11.7,9.3,0,25.2,1.8,2.9,2.1,11.2,100,18.3,14.4,0,39.3,2.8,4.5,3.3,17.4,100,7.6,31.5,30.9,13.8,2.5,6.1,1,6.6,100
LBR,Liberia,2000,8.6,7.1,3.5,0.8,2.6,13.3,12.3,16.8,2.9,18,2.4,3.4,8.3,100,1.6,7.6,6.5,3.5,0.8,1.2,0.3,1.1,11.7,12,16.8,2.9,18,2.3,3.4,10.5,100,15.2,15.5,21.7,3.7,23.2,2.9,4.3,13.5,100,7,33.6,28.7,15.7,3.5,5.3,1.3,4.9,100
LBY,Libya,2000,23.2,11,4.9,0,19.6,11.4,3,0,0,0,8.7,1.6,16.7,100,1.9,22.2,10.7,4.9,0,10.5,0,3.8,9.5,3,0,0,0,8.2,1.6,23.7,100,20.7,6.5,0,0,0,17.8,3.4,51.5,100,3.6,41.2,19.8,9.1,0,19.4,0,7,100
LTU,Lithuania,2000,12.4,7.3,2,0,36.5,9.5,0.3,0,0,0,18.3,2.5,11.3,100,1.5,11.2,6.1,2,0,17.9,0,1.5,8,0.3,0,0,0,17.8,2.5,31.2,100,13.4,0.5,0,0,0,29.8,4.2,52.1,100,3.7,28,15.2,4.9,0,44.5,0,3.7,100
LUX,Luxembourg,2000,20.4,22,1.9,0,12.3,0,0,0,0,0,14,6.8,22.6,100,0,18.8,22,1.9,0,9.2,0,0,0,0,0,0,0,14,6.8,27.2,100,0,0,0,0,0,29.2,14.2,56.6,100,0,36.2,42.3,3.7,0,17.8,0,0,100
MKD,Macedonia,2000,35.5,11,2.3,0,17.1,8.5,9.1,0,0,0,2.9,0.9,12.5,100,0.2,35.1,11,2.3,0,7.5,0,0.5,8.3,9.1,0,0,0,2.9,0.9,22.1,100,19.1,21,0,0,0,6.8,2.2,51,100,0.4,62,19.4,4.1,0,13.2,0,0.8,100
MDG,Madagascar,2000,11.5,9.6,4,0.6,3.7,22.6,16.2,1.3,0.2,6.5,5.3,4.2,14.2,100,2.2,9.6,9,4,0.6,1.8,0.2,1.6,20.4,16,1.3,0.2,6.5,5.1,4.2,17.2,100,28.7,22.6,1.9,0.3,9.2,7.2,5.9,24.3,100,7.7,33.1,31.1,13.6,2,6.3,0.8,5.4,100
MWI,Malawi,2000,8.5,8.1,4.5,0.4,3.1,15.7,13.4,14,15.1,0.2,3.1,3.4,10.6,100,1.7,7.4,7.2,4.5,0.4,1.3,0.2,1.6,14,13.2,14,15,0.2,2.8,3.4,13.2,100,18.5,17.4,18.5,19.8,0.2,3.7,4.4,17.4,100,7.2,30.4,29.6,18.3,1.7,5.2,0.9,6.6,100
MYS,Malaysia,2000,22.1,9.3,4.8,0,27.7,8.5,2.9,0.2,0.4,0,6.2,1.4,16.5,100,1.3,20,7.9,4.8,0,14.4,0,2.8,7.2,2.9,0.2,0.4,0,5.7,1.4,31,100,14.8,5.9,0.4,0.8,0,11.7,2.9,63.5,100,2.5,39.1,15.4,9.3,0,28.2,0,5.4,100
MDV,Maldives,2000,26.8,8.5,4.8,0.1,14.6,18,5.3,0,0.2,0.2,3.4,1.2,16.8,100,5.3,26.3,7.9,4.8,0.1,6.9,0,4.3,12.7,5.3,0,0.2,0.2,2.7,1.2,22.1,100,28.6,11.9,0,0.4,0.4,6,2.8,49.9,100,9.5,47.3,14.3,8.7,0.2,12.4,0,7.7,100
MLI,Mali,2000,11,7.4,3.9,2.1,3.2,17.2,17,17.9,0.8,3.3,2.8,3.1,10.3,100,1.8,9.7,6.7,3.9,2.1,1.7,0.3,1.1,15.4,16.7,17.9,0.8,3.3,2.6,3.1,13,100,21.1,23,24.6,1.1,4.6,3.6,4.2,17.8,100,6.5,35.6,24.7,14.5,7.7,6.1,0.9,4.1,100
MLT,Malta,2000,36.9,6.9,3.1,0,20.7,1.5,0,0,0,0,4.7,5.1,21.1,100,1.5,34.4,6.9,3.1,0,17.2,0,2.7,0,0,0,0,0,4.7,5.1,24.5,100,0,0,0,0,0,13.7,14.9,71.4,100,2.3,52.3,10.5,4.6,0,26.2,0,4.1,100
MHL,Marshall Islands,2000,17.9,12,4.8,0.3,10.8,18.3,11.1,0,0,0,6.5,2.3,15.9,100,2.8,16,10.8,4.8,0.3,6.4,0.2,2.8,15.6,10.9,0,0,0,6.2,2.3,20.9,100,27.9,19.5,0,0,0,11.1,4.1,37.4,100,6.2,36.1,24.5,10.9,0.7,14.5,0.6,6.4,100
MRT,Mauritania,2000,17.6,9.6,6,1.3,3.5,19,14.1,3.3,0.5,6.3,4.3,2.7,12,100,2.6,16.2,8.8,6,1.3,1.7,0.4,1.6,16.3,13.7,3.3,0.4,6.3,4,2.7,14.6,100,26.6,22.3,5.3,0.7,10.3,6.6,4.3,23.8,100,6.8,41.9,22.8,15.5,3.5,4.5,1,4.1,100
MUS,Mauritius,2000,40,10.6,4.4,0,19.5,4.7,1.3,0,0,0,6.7,1,11.8,100,0.3,39,10,4.4,0,9.4,0,2.2,4.4,1.3,0,0,0,6.1,1,21.8,100,12.6,3.8,0,0,0,17.7,2.9,63,100,0.4,59.7,15.3,6.8,0,14.4,0,3.4,100
MEX,Mexico,2000,19.1,8.1,6,0,19.4,14.8,6.6,0,0.1,0,8.3,1.4,16.1,100,2.8,18.2,7.6,6,0,9.5,0,4,12,6.6,0,0.1,0,7.7,1.3,24.1,100,23.1,12.8,0,0.3,0,14.8,2.6,46.5,100,5.9,37.9,15.8,12.5,0,19.6,0,8.4,100
MDA,Moldova,2000,5.7,13.2,8,0,25.5,26.5,1.4,0,0,0,10.7,1.7,7.2,100,14.2,5.7,13.1,8,0,19.5,0,3.3,12.3,1.4,0,0,0,8.9,1.7,11.8,100,34,3.9,0,0,0,24.7,4.8,32.6,100,22.3,9,20.5,12.6,0,30.5,0,5.1,100
MCO,Monaco,2000,23.1,10.2,2.1,0,32.7,4.1,0.1,0,0,0,7.4,1.6,18.6,100,0.2,19.9,6.3,2.1,0,16,0,5.5,3.9,0.1,0,0,0,7.1,1.6,37.3,100,7.8,0.2,0,0,0,14.2,3.1,74.6,100,0.4,39.8,12.6,4.2,0,32,0,10.9,100
MNG,Mongolia,2000,17.5,10.5,4,0.3,8.1,20.2,12.7,0,0,1,6.3,2.7,16.6,100,2.2,16.1,8.8,4,0.3,4.2,0.2,2.3,18,12.5,0,0,1,5.7,2.7,22,100,29,20.1,0,0,1.7,9.2,4.4,35.6,100,5.8,42.3,23.2,10.4,0.8,10.9,0.5,6.1,100
MNE,Montenegro,2000,23.3,28,2.5,0,15.3,7,0,0,0,0,7.7,1.5,14.7,100,1.6,20.8,27.9,2.5,0,5.7,0,4,5.4,0,0,0,0,7.3,1.5,23.3,100,14.4,0,0,0,0,19.5,3.9,62.2,100,2.6,33.3,44.6,4.1,0,9,0,6.4,100
MAR,Morocco,2000,20.1,14.1,9.5,0.7,8.7,16.9,9.2,0,0.1,0.2,5,3.2,12.2,100,3.3,18.6,13.2,9.5,0.7,5.7,0.4,3.4,13.7,8.9,0,0.1,0.2,4.7,3.2,14.5,100,30.3,19.6,0,0.1,0.4,10.4,7,32.2,100,6,33.9,24.1,17.4,1.2,10.5,0.7,6.2,100
MOZ,Mozambique,2000,9.5,8.7,4.9,0.9,2.7,13.2,11,22.9,8.9,3.6,2.4,3.1,8.2,100,2,8.5,8.1,4.9,0.9,1.4,0.3,1.5,11.2,10.7,22.9,8.8,3.6,2.2,3.1,9.9,100,15.5,14.8,31.7,12.1,4.9,3.1,4.3,13.6,100,7.1,31,29.2,17.8,3.3,5.2,1.1,5.4,100
MMR,Myanmar,2000,15.8,13,5.9,0.9,4.7,20.2,12.9,1.1,0.4,1.7,5.9,3.6,13.9,100,2.9,14.8,11.8,5.9,0.9,3,0.6,3.3,17.3,12.3,1.1,0.4,1.7,4.9,3.6,15.5,100,30.5,21.6,1.9,0.8,2.9,8.7,6.3,27.3,100,6.8,34.2,27.4,13.8,2.1,6.8,1.3,7.6,100
NAM,Namibia,2000,10.7,8.2,3.5,0.2,3.9,13.1,8,2.8,34.8,0.1,3.5,1.4,9.9,100,1.9,9.6,7.7,3.5,0.2,2.4,0.1,2,11.3,7.9,2.8,34.4,0.1,3.3,1.4,11.6,100,15.5,10.8,3.8,47.3,0.1,4.6,2,15.9,100,6.9,35.1,28.1,12.8,0.6,8.7,0.5,7.3,100
NRU,Nauru,2000,28.1,12.5,7.6,0.5,9.7,15,8.1,0,0,0,4.7,1.2,12.6,100,3.5,27,11.9,7.6,0.5,8,0.5,3.6,11.5,7.6,0,0,0,4.2,1.2,12.9,100,30.7,20.4,0,0,0,11.1,3.3,34.5,100,5.6,43.2,19,12.2,0.7,12.8,0.8,5.7,100
NPL,Nepal,2000,13.2,14.4,8.3,2.1,4.9,19,10.9,0,0.1,8.6,4.8,3,10.5,100,3.9,12.1,13.7,8.3,2,3.7,0.7,3.5,15.1,10.2,0,0.1,8.6,4.3,3,10.5,100,29,19.6,0,0.3,16.6,8.4,5.8,20.2,100,8.2,25.2,28.5,17.4,4.3,7.7,1.4,7.3,100
NLD,Netherlands,2000,21.3,11.8,3.3,0,35.7,2.3,0,0,0,0,5.7,2.8,17,100,0.5,18,11.1,3.3,0,25.3,0,3.2,1.8,0,0,0,0,5.4,2.8,28.5,100,4.6,0,0,0,0,14,7.4,74,100,0.8,29.3,18.1,5.4,0,41.1,0,5.3,100
NZL,New Zealand,2000,22.6,6.5,1.1,0,28.8,5.6,0.4,0,0,0,12.1,4.2,18.7,100,0.7,19.9,6.1,1.1,0,14.5,0,4.8,4.9,0.4,0,0,0,11.7,4.2,31.7,100,9.3,0.7,0,0,0,22.1,7.9,60,100,1.4,42.3,13,2.4,0,30.8,0,10.1,100
NIC,Nicaragua,2000,14.9,6.1,7.7,0,19.6,19.2,8.8,0.1,0.6,0,5,1.3,16.7,100,3.6,14.9,6.1,7.7,0,8.5,0,1.1,15.6,8.8,0.1,0.6,0,5,1.3,26.6,100,26.9,15.2,0.2,1.1,0,8.7,2.2,45.8,100,8.5,35.5,14.7,18.4,0,20.3,0,2.7,100
NER,Niger,2000,6.9,7.2,3.2,1,3.3,20.6,20.5,10.8,0.5,5.2,3.4,7.1,10.4,100,1.6,5.5,6.4,3.2,1,1.7,0.2,1,19,20.3,10.8,0.5,5.2,3.2,7.1,13.4,100,23.9,25.6,13.6,0.6,6.5,4,8.9,16.9,100,7.9,26.6,31,15.7,4.9,8.3,0.8,4.8,100
NGA,Nigeria,2000,8.2,8.8,2.9,1.8,2.9,14.8,13.3,16.3,2.4,15.1,2.7,2.1,8.5,100,1.9,7.1,8.1,2.9,1.8,1.5,0.3,1.3,12.9,13,16.3,2.4,15.1,2.4,2.1,10.6,100,17.2,17.4,21.8,3.2,20.2,3.2,2.8,14.2,100,7.7,28.5,32.5,11.7,7.2,6,1.1,5.3,100
NIU,Niue,2000,5.8,3.1,0,0,21.2,25.9,4.6,0,0,0,12.2,4.4,22.9,100,0,0,0,0,0,0,0,0,25.9,4.6,0,0,0,12.2,4.4,53,100,25.9,4.6,0,0,0,12.2,4.4,53,100,0,0,0,0,0,0,0,0,100
NOR,Norway,2000,12.3,10.1,1.1,0,37.1,3.3,0.5,0,0,0,6.2,4.9,24.5,100,1.1,9.2,9.2,1.1,0,21.4,0,12.5,2.2,0.5,0,0,0,6.2,4.9,31.6,100,4.9,1,0,0,0,13.5,10.9,69.6,100,2,16.9,16.9,2,0,39.2,0,23,100
OMN,Oman,2000,17.7,8.4,3.1,0,24.5,10.1,1.9,0,0.4,0,12.4,1.4,19.9,100,0.7,17.2,8.2,3.1,0,11.7,0,6.2,9.4,1.9,0,0.4,0,12.1,1.4,27.5,100,17.9,3.5,0,0.8,0,22.9,2.7,52.1,100,1.4,36.4,17.4,6.7,0,24.9,0,13.2,100
PAK,Pakistan,2000,15.4,15.1,8.4,5.6,4.3,19.3,13.1,0.1,0,0.8,5,2.3,10.7,100,4,14.3,14.2,8.4,5.6,2.8,0.8,3.8,15.3,12.3,0.1,0,0.8,3.8,2.3,11.5,100,33.2,26.7,0.2,0,1.7,8.3,5.1,24.8,100,7.5,26.5,26.4,15.5,10.4,5.2,1.4,7,100
PLW,Palau,2000,25.2,8.1,6.3,0,17.9,9.6,1.8,0,0,0,15.8,2.2,13.1,100,2.1,24.4,7.6,6.3,0,10.9,0,4.3,7.5,1.8,0,0,0,15.2,2.2,17.8,100,16.8,4,0,0,0,34.2,5,40,100,3.8,43.9,13.7,11.3,0,19.6,0,7.7,100
PAN,Panama,2000,21.1,8.5,6.4,0,27.4,9.7,4.4,0,0.7,0,3.1,1.5,17.2,100,4.1,20.8,8.5,6.4,0,16.9,0,2.3,5.6,4.4,0,0.7,0,2.8,1.4,26,100,13.7,10.8,0,1.7,0,7,3.5,63.5,100,6.9,35.2,14.3,10.9,0,28.7,0,4,100
PNG,Papua New Guinea,2000,14.4,11.3,5.2,0.7,4.8,15.1,8.7,14.9,1,7.5,4,2.3,10.2,100,2.6,13.2,10.6,5.2,0.7,3,0.3,2.6,12.5,8.4,14.9,1,7.5,3.6,2.3,11.6,100,20.2,13.5,24,1.6,12.1,5.9,3.8,18.8,100,6.8,34.6,27.7,13.6,1.8,7.9,0.8,6.8,100
PRY,Paraguay,2000,22.1,7.8,6.8,1.3,14.7,13.8,8.8,0,0.5,0,5.9,1.3,17,100,2.5,21.8,7.6,6.8,1.3,8,0,4,11.4,8.8,0,0.5,0,5.4,1.3,20.7,100,23.7,18.3,0,1,0,11.3,2.7,43.1,100,4.7,41.9,14.7,13.1,2.5,15.4,0,7.7,100
PER,Peru,2000,17.7,7.9,5.1,0.8,13.1,14.7,7.5,0,0.9,0,5.1,2.2,24.8,100,2.3,17,7.1,5.1,0.8,5.9,0,3.2,12.5,7.5,0,0.9,0,4.7,2.2,30.7,100,21.3,12.9,0,1.6,0,8,3.8,52.5,100,5.5,41.1,17.1,12.3,2,14.3,0,7.8,100
PHL,Philippines,2000,16.9,11.5,5.1,0.3,7.8,21.5,11.7,0.1,0,0.1,6.9,2.6,15.3,100,2.9,15.1,10.8,5.1,0.3,5.7,0.4,2.9,18.7,11.3,0.1,0,0.1,6.8,2.6,17.2,100,32.8,19.9,0.1,0,0.2,12,4.6,30.3,100,6.6,35,25,11.9,0.7,13.1,0.9,6.7,100
POL,Poland,2000,25.7,9.2,5.8,0,36.3,5,0.2,0,0,0,6.1,1.1,10.5,100,0.9,22.2,8.1,5.8,0,21.4,0,2.3,4.1,0.2,0,0,0,5.4,1.1,28.6,100,10.5,0.5,0,0,0,13.6,2.9,72.6,100,1.4,36.6,13.3,9.6,0,35.3,0,3.7,100
PRT,Portugal,2000,20,6,5.6,0,31.2,2.9,0.2,0.2,0.2,0,9.7,4,20,100,0.1,19.7,5.8,5.6,0,14.3,0,1.9,2.8,0.2,0.2,0.2,0,9.1,4,36.1,100,5.4,0.3,0.3,0.3,0,17.3,7.7,68.7,100,0.3,41.4,12.3,11.8,0,30.2,0,4,100
QAT,Qatar,2000,23.1,8.8,2.9,0,26.6,5.6,0.8,0,0.3,0,9.6,1.6,20.6,100,0.3,20.7,8.2,2.9,0,14.8,0,7.1,5.3,0.8,0,0.3,0,9.3,1.6,28.5,100,11.6,1.8,0,0.7,0,20.3,3.5,62.1,100,0.6,38.2,15.2,5.4,0,27.4,0,13.2,100
ROU,Romania,2000,19.3,5.4,0.9,0,19.5,32,2.4,0,0.1,0,8.4,2.5,9.5,100,6.4,19.3,5.3,0.9,0,11,0,4.4,25.5,2.4,0,0.1,0,7.8,2.3,14.5,100,48.5,4.6,0,0.2,0,14.7,4.3,27.6,100,13.6,40.8,11.2,1.8,0,23.3,0,9.3,100
RUS,Russian Federation,2000,22,6.7,4.5,0,22.6,13.5,1.9,0,0.9,0,10.1,2.3,15.6,100,3,20.8,6,4.5,0,11.7,0,3.4,10.6,1.9,0,0.9,0,9.5,2.3,25.5,100,20.8,3.7,0,1.8,0,18.8,4.5,50.4,100,6.1,42.2,12.1,9.1,0,23.7,0,7,100
RWA,Rwanda,2000,7.4,8.6,4,0.5,3.9,21.3,19.4,6.5,3.6,1,4.1,7.3,12.4,100,1.8,5.6,7.6,4,0.5,1.5,0.3,1.5,19.5,19.1,6.5,3.5,1,3.8,7.3,16.5,100,25.3,24.7,8.4,4.6,1.3,5,9.4,21.3,100,7.8,24.5,33.5,17.6,2.2,6.5,1.3,6.6,100
KNA,Saint Kitts & Nevis,2000,35.8,19.4,3.8,0,12.1,2.7,2.7,0,0,0,1.5,0,22.1,100,0,34.4,17.9,3.8,0,3.8,0,5.2,2.7,2.7,0,0,0,1.5,0,28.1,100,7.7,7.7,0,0,0,4.2,0,80.4,100,0,52.9,27.6,5.8,0,5.8,0,8,100
LCA,Saint Lucia,2000,30.5,10.6,10.3,0,13.9,3.7,2.4,0,2.3,0,5.5,0.8,20,100,0,29.9,9.9,10.3,0,8.1,0,2.8,3.7,2.4,0,2.3,0,5.5,0.8,24.2,100,9.5,6.2,0,5.8,0,14.1,2.2,62.3,100,0,49,16.2,16.9,0,13.3,0,4.6,100
WSM,Samoa,2000,24.5,7.7,6.2,0,21.4,12.4,5,0,0,0,4.7,1.4,16.7,100,3,23.1,6.7,6.2,0,12.1,0,2.8,9.4,5,0,0,0,4.1,1.4,26.2,100,20.4,10.9,0,0,0,8.8,3.1,56.7,100,5.5,42.8,12.4,11.5,0,22.5,0,5.2,100
SMR,San Marino,2000,0,0,0,0,16.6,0,0,0,0,0,0,0,83.4,100,0,0,0,0,0,0,0,0,0,0,0,0,0,0,0,100,100,0,0,0,0,0,0,0,100,100,0,0,0,0,0,0,0,0,100
STP,Sao Tome & Principe,2000,10.8,8.9,5.5,0.1,4,16.2,11.1,21.8,1.9,0.3,4.3,2.6,12.5,100,2.1,9.6,8.2,5.5,0.1,2.2,0.2,2.2,14.1,10.9,21.8,1.9,0.3,3.9,2.6,14.4,100,20.2,15.6,31.2,2.7,0.4,5.6,3.7,20.5,100,6.9,31.8,27.4,18.3,0.4,7.5,0.5,7.3,100
SAU,Saudi Arabia,2000,22.1,10.2,4.3,0,22.1,10.2,2.6,0,0.1,0.2,7.1,1.6,19.6,100,1,20.5,9.8,4.3,0,11.9,0,6.4,9.2,2.6,0,0.1,0.2,6.7,1.6,25.8,100,19.9,5.7,0,0.2,0.3,14.5,3.4,56,100,1.8,38,18.2,7.9,0,22.1,0,11.9,100
SEN,Senegal,2000,11.9,8.8,5.3,0.7,3.6,18.7,14.9,6.9,0.6,7.8,3.9,4.8,12.2,100,2,10.3,8,5.3,0.7,1.4,0.2,1.4,16.6,14.7,6.9,0.6,7.8,3.8,4.8,15.5,100,23.5,20.8,9.8,0.9,11,5.3,6.7,22,100,6.8,35.2,27.2,18.1,2.3,4.8,0.8,4.8,100
SRB,Serbia,2000,30.8,16.3,4.6,0,26.6,5.5,0.9,0,0.4,0,4.9,1.5,8.6,100,0.8,28.8,14.3,4.6,0,10.7,0,1.3,4.7,0.9,0,0.4,0,4.9,1.5,27.2,100,11.8,2.4,0,0.9,0,12.4,3.7,68.8,100,1.3,47.6,23.6,7.6,0,17.7,0,2.2,100
SYC,Seychelles,2000,27.3,9.5,6,0,26.1,7.6,1.2,0,0,0,7,0.8,14.4,100,2.2,26.4,9.2,6,0,17.6,0,5.4,5.4,1.2,0,0,0,6.4,0.8,19.4,100,16.3,3.6,0,0,0,19.2,2.5,58.3,100,3.2,39.6,13.8,8.9,0,26.5,0,8,100
SLE,Sierra Leone,2000,8.2,6,3.3,1,2.9,14.5,15.4,20.5,0.4,14.2,2.3,3,8.5,100,1.5,6.9,5.5,3.3,1,1.5,0.3,1,13.1,15,20.5,0.4,14.2,2.1,3,10.8,100,16.5,19,25.9,0.5,17.9,2.7,3.7,13.7,100,7,33.1,26.4,15.6,4.6,7.1,1.6,4.6,100
SGP,Singapore,2000,18.8,3.8,1.9,0,32.9,8.3,0,0,0,0,6.1,1.9,26.4,100,0.6,15.5,3.1,1.9,0,17.9,0,1.2,7.7,0,0,0,0,6.1,1.3,44.7,100,12.8,0,0,0,0,10.2,2.2,74.8,100,1.5,38.5,7.7,4.6,0,44.6,0,3.1,100
SVK,Slovakia,2000,27.5,4.3,1.2,0,27.2,13.2,1.7,0,0,0,6.5,1.9,16.5,100,2.1,23.4,3.7,1.2,0,15.4,0,4.9,11.1,1.7,0,0,0,6.3,1.9,28.4,100,22.6,3.4,0,0,0,12.7,3.8,57.6,100,4.1,46.2,7.2,2.4,0,30.3,0,9.7,100
SVN,Slovenia,2000,32,7.8,4.8,0,38.7,0,0,0,0,0,6.7,0,10,100,0,29.9,5.8,4.8,0,19.3,0,0,0,0,0,0,0,6.7,0,33.5,100,0,0,0,0,0,16.7,0,83.3,100,0,50,9.7,8.1,0,32.3,0,0,100
SLB,Solomon Islands,2000,14.5,11,5.9,0.2,9.6,16.5,7.7,12.8,0,0,5.5,3,13.4,100,2.5,13.1,10.1,5.9,0.2,7.2,0.2,2.7,14,7.5,12.8,0,0,5.4,3,15.4,100,24.1,12.9,22,0,0,9.3,5.2,26.5,100,6,31.3,24.1,14.1,0.5,17.2,0.4,6.4,100
SOM,Somalia,2000,7.8,8,2.7,1.8,2.9,17.6,15.5,0.9,0.2,26.9,3.3,3.8,8.7,100,1.9,6.5,7.2,2.7,1.8,1.3,0.2,1,15.6,15.3,0.9,0.2,26.9,3.1,3.8,11.5,100,20.2,19.7,1.1,0.3,34.8,4,5,14.9,100,8.5,28.6,31.8,11.8,7.9,5.7,1.1,4.5,100
ZAF,South Africa,2000,9.7,5.8,3,0,3.9,11.9,8.4,0.2,39.3,0.9,3.7,1.1,12.1,100,2,8.4,5.1,3,0,1.4,0,3.3,10,8.4,0.2,39.3,0.9,3.4,1,13.7,100,13,10.9,0.2,51.1,1.1,4.4,1.3,17.8,100,8.4,36.3,22.1,12.9,0,5.9,0,14.4,100
SSD,South Sudan,2000,9.4,10.6,3.9,4.8,3.5,19.9,16.8,9.7,1.6,2.4,3.5,4.6,9.5,100,2.6,7.9,9.9,3.9,4.8,1.9,0.3,1.4,17.2,16.5,9.7,1.5,2.4,3.3,4.6,12.2,100,25.6,24.4,14.4,2.3,3.5,4.9,6.8,18.1,100,8,24.3,30.2,12,14.6,5.7,1,4.3,100
ESP,Spain,2000,20.7,7.1,4.5,0,35.4,2.3,0.2,0,0.1,0,6.6,3.5,19.5,100,0.3,17.1,6.2,4.5,0,17.3,0,7.6,2.1,0.2,0,0.1,0,6.4,3.5,34.9,100,4.4,0.4,0,0.1,0,13.6,7.4,74.1,100,0.5,32.3,11.8,8.4,0,32.6,0,14.4,100
LKA,Sri Lanka,2000,21.2,7.9,4,0.5,22.8,9.8,3.8,1.4,0,0,9.3,0.9,18.6,100,3.3,20.9,7.7,4,0.4,13.5,0,9.2,6.5,3.8,1.4,0,0,8.7,0.9,19.8,100,15.8,9.2,3.3,0,0,21.2,2.2,48.2,100,5.6,35.4,13,6.7,0.8,22.9,0,15.6,100
VCT,St Vincent & the Grenadines,2000,35.1,11.1,3.4,0,16,3.4,3.5,0,3.3,0,7,1.1,16.1,100,0,31.8,10,3.4,0,11.7,0,2.3,3.4,3.5,0,3.3,0,7,1.1,22.5,100,8.2,8.6,0,8,0,17.2,2.7,55.2,100,0,53.6,16.8,5.7,0,19.8,0,4,100
SDN,Sudan,2000,13,11.3,5.7,1,3.9,21.8,15.1,1.9,0.1,4.1,5.1,5.1,11.9,100,3.1,11.5,10.5,5.7,1,2.1,0.4,2,18.7,14.7,1.9,0.1,4.1,4.8,5.1,14.4,100,29.3,23.1,3,0.1,6.4,7.5,8.1,22.5,100,8.4,31.7,28.9,15.7,2.8,5.9,1,5.5,100
SUR,Suriname,2000,20.3,7.7,14.2,0,12,8.2,6.8,3.8,1.3,0,8.4,2.1,15.3,100,2.9,19.6,6.9,14.2,0,7.8,0,0.5,5.3,6.8,3.8,1.3,0,8.4,2.1,20.4,100,11,14.1,7.9,2.7,0,17.5,4.4,42.5,100,5.7,37.7,13.2,27.4,0,15.1,0,0.9,100
SWZ,Swaziland,2000,8,7,2.7,0.2,3.9,12.9,9.5,0,42.3,0,2.8,1.5,9.1,100,1.5,6.6,6.4,2.7,0.2,1.3,0.1,1.6,11.4,9.4,0,41.9,0,2.7,1.5,12.7,100,14.3,11.9,0,52.6,0,3.3,1.9,16,100,7.2,32.6,31.2,13.4,0.9,6.2,0.5,7.9,100
SWE,Sweden,2000,16.7,9.2,5,0,45,1.8,0,0,0,0,4,1.2,17,100,0.6,11.6,6.8,5,0,24,0,7.4,1.2,0,0,0,0,3.7,1.2,38.5,100,2.7,0,0,0,0,8.3,2.7,86.3,100,1.1,20.9,12.3,9.1,0,43.3,0,13.4,100
CHE,Switzerland,2000,26.1,8.1,2.8,0,30.7,1.4,0.3,0,0,0,8,2,20.4,100,0.4,24.1,8.1,2.8,0,19.3,0,6.9,1,0.3,0,0,0,7.6,2,27.4,100,2.7,0.9,0,0,0,19.8,5.2,71.5,100,0.7,39.1,13.2,4.5,0,31.3,0,11.2,100
SYR,Syria,2000,22.6,11,4.6,0.6,20.4,14,9.5,0,0,0.2,2.9,1.1,13,100,2.7,21.3,10.2,4.6,0.6,12,0,2.6,11.3,9.5,0,0,0.2,2.3,1.1,21.6,100,24.6,20.7,0,0,0.3,5,2.5,46.9,100,4.9,39.5,18.9,8.6,1.1,22.3,0,4.8,100
TJK,Tajikistan,2000,13.7,10.1,4,0.5,5.6,22.7,15.6,0,0,0,6.1,4.6,17.1,100,2.2,12.2,8.5,4,0.5,2.3,0.4,2.2,20.6,15.2,0,0,0,5.6,4.6,21.8,100,30.4,22.4,0,0,0,8.2,6.7,32.1,100,6.7,37.7,26.3,12.5,1.5,7.2,1.2,6.9,100
TZA,Tanzania,2000,8.7,9.8,4.7,0.5,3.5,18.4,13.7,11.3,8.9,2,3.9,3.4,11.1,100,2.1,7.5,8.8,4.7,0.5,1.5,0.2,1.6,16.3,13.5,11.3,8.8,2,3.8,3.4,14,100,22.3,18.6,15.5,12.1,2.7,5.1,4.6,19.1,100,7.9,27.6,32.8,17.4,1.9,5.7,0.7,6,100
THA,Thailand,2000,24.6,8.7,6.1,0.4,19.9,11.4,4,0.9,6.4,0.2,4.3,0.9,12.2,100,3.9,23.8,8.5,6.1,0.4,12.4,0,4.4,7.6,4,0.9,6.3,0.2,3.7,0.9,17.1,100,18.6,9.7,2.1,15.5,0.6,9.1,2.3,42,100,6.5,40.1,14.2,10.3,0.6,20.9,0,7.4,100
TLS,Timor Leste,2000,10.4,12.3,5.7,1.5,4,23.5,16.6,4.1,0,0,5.7,3.3,12.9,100,2.8,8.8,11.5,5.7,1.4,2.4,0.4,2.7,20.7,16.2,4.1,0,0,5.2,3.3,14.9,100,32.1,25.1,6.4,0,0,8.1,5.1,23.1,100,8,24.7,32.3,16,3.9,6.6,1,7.5,100
TGO,Togo,2000,10.9,9,4.8,0.7,3.1,13.8,9.9,19,4.6,10.1,3,2.5,8.7,100,2.1,9.8,8.5,4.8,0.7,1.6,0.2,1.5,11.7,9.7,19,4.6,10.1,2.8,2.5,10.6,100,16.5,13.7,26.8,6.4,14.3,4,3.5,14.9,100,7.2,33.6,29,16.5,2.3,5.4,0.8,5.1,100
TON,Tonga,2000,19.9,6.1,4.6,0,23.8,12.5,5.2,0,0,0,8.3,1.7,18,100,2.5,18.1,5.2,4.6,0,10.8,0,2.6,10,5.2,0,0,0,7.7,1.7,31.7,100,17.8,9.2,0,0,0,13.8,3,56.3,100,5.8,41.4,11.8,10.5,0,24.6,0,5.9,100
TTO,Trinidad & Tobago,2000,37.8,27,2.8,0,12.5,3.1,1,0,2.9,0,2.4,1.2,9.3,100,1.6,29.4,24.7,2.8,0,6.6,0,1.3,1.6,1,0,2.9,0,2.1,1.2,24.9,100,4.7,2.9,0,8.7,0,6.2,3.5,74.1,100,2.4,44.3,37.1,4.3,0,10,0,1.9,100
TUN,Tunisia,2000,23.7,11.3,3.7,1.3,17.6,15.1,5.4,0,0,0,5.8,1.4,14.8,100,4.1,23,11,3.7,1.3,9.8,0,4.3,11,5.4,0,0,0,5.2,1.4,19.9,100,25.7,12.6,0,0,0,12,3.2,46.5,100,7.1,40.2,19.3,6.4,2.2,17.2,0,7.5,100
TUR,Turkey,2000,22.1,5.3,3.5,0,30.4,6.7,1.8,0,0,0,3.6,0.6,26,100,0.7,19.3,4.4,3.5,0,14.1,0,6.2,5.9,1.8,0,0,0,3.6,0.6,39.7,100,11.4,3.6,0,0,0,6.9,1.2,76.9,100,1.5,40,9.1,7.2,0,29.3,0,12.9,100
TKM,Turkmenistan,2000,16.3,11,4.2,0.4,7.5,20.8,14,0,0.1,0,5.9,2.7,17.2,100,2.3,14.8,9.2,4.2,0.4,3.4,0.3,2.4,18.5,13.7,0,0.1,0,5.3,2.7,22.7,100,29.4,21.7,0,0.1,0,8.4,4.4,36,100,6.1,40,25,11.3,1.2,9.1,0.8,6.5,100
TUV,Tuvalu,2000,28.7,12.2,5.8,0,13.3,16.4,5,0,0,0,6.4,1.4,10.6,100,5.3,28.1,11.8,5.8,0,8.5,0,4.1,11.1,5,0,0,0,5.6,1.4,13.2,100,30.6,13.9,0,0,0,15.4,3.9,36.2,100,8.3,44.2,18.6,9.2,0,13.3,0,6.4,100
UGA,Uganda,2000,7.2,7.3,3.3,0.4,2.8,14.1,10.9,25.1,8.6,6,3,2.8,8.5,100,1.6,6.2,6.5,3.3,0.4,1.1,0.2,1.3,12.5,10.8,25.1,8.5,6,2.7,2.8,11,100,15.8,13.6,31.7,10.7,7.5,3.4,3.5,13.9,100,7.7,30.2,31.7,16.2,1.7,5.5,0.8,6.3,100
UKR,Ukraine,2000,25.5,7.6,4.3,0,23,14.4,2.1,0,2.7,0.2,7.2,1.7,11.3,100,5.3,24.4,6.9,4.3,0,14.2,0,4.2,9.1,2.1,0,2.7,0.2,6.4,1.7,18.6,100,22.3,5.1,0,6.5,0.5,15.7,4.1,45.7,100,8.9,41.2,11.7,7.2,0,24,0,7,100
ARE,United Arab Emirates,2000,22.9,8.6,2.6,0,27.6,5.7,0.8,0,0.1,0,8.6,1.6,21.6,100,0.3,20,7.7,2.6,0,14.5,0,7.9,5.4,0.8,0,0.1,0,8.3,1.6,30.8,100,11.5,1.7,0,0.2,0,17.7,3.3,65.6,100,0.7,37.7,14.6,4.8,0,27.4,0,14.9,100
GBR,United Kingdom,2000,35.3,6.3,2.8,0,23.6,4,1.2,0,0.1,0,5,3,18.7,100,0.7,32.6,6.1,2.8,0,12.8,0,2.8,3.3,1.2,0,0.1,0,4.5,2.8,30.3,100,7.8,2.9,0,0.1,0,10.8,6.6,71.7,100,1.2,56.4,10.5,4.8,0,22.2,0,4.8,100
USA,United States of America,2000,27.7,4.8,2.7,0,25.3,3.1,1.9,0,0.1,0,11.2,0.9,22.2,100,0.4,24.8,4.3,2.7,0,14.4,0,8.4,2.7,1.9,0,0.1,0,10.8,0.9,28.6,100,6,4.2,0,0.3,0,24,2,63.5,100,0.7,45,7.8,4.9,0,26.2,0,15.3,100
URY,Uruguay,2000,21.7,7.3,6.5,0,26,8.9,3.1,0,0.4,0,7.4,1.3,17.3,100,1.2,19.3,6.6,6.5,0,12.1,0,3.5,7.7,3.1,0,0.3,0,7,1.3,31.6,100,15.1,6.2,0,0.6,0,13.7,2.5,62,100,2.5,39.2,13.4,13.2,0,24.6,0,7.2,100
UZB,Uzbekistan,2000,18.8,12.4,4.9,0.5,9.1,18.9,11.1,0,0,0,5.4,3,16,100,2.7,17.5,10.8,4.9,0.5,5.1,0.3,2.8,16.2,10.8,0,0,0,5.1,3,20.3,100,29.2,19.5,0,0,0,9.2,5.4,36.7,100,6,39.3,24.2,11,1,11.5,0.6,6.4,100
VUT,Vanuatu,2000,17.4,8.4,2.9,0.6,15.8,15.8,16,8.7,0,0,4.8,1.4,8,100,3,17,8.1,2.9,0.6,8.2,0,2.5,12.8,16,8.7,0,0,4.3,1.4,14.3,100,22.3,27.9,15.2,0,0,7.4,2.4,24.8,100,7,40.1,19.1,6.9,1.5,19.4,0,5.9,100
VEN,Venezuela,2000,25.3,9.1,9.7,0,14.9,8,10.3,0.1,0.2,0,6.5,1.9,13.9,100,1.7,24.9,9,9.7,0,7.8,0,2.6,6.4,10.3,0.1,0.2,0,6.1,1.9,19.4,100,14.4,23.3,0.2,0.5,0,13.8,4.2,43.7,100,3,44.7,16.1,17.5,0,14.1,0,4.6,100
VNM,Vietnam,2000,20.5,7.8,4.2,0.4,16.9,16.5,11.8,0.3,0.4,6.7,4.1,1.4,9.2,100,4.5,20,7.6,4.2,0.4,9,0,2.4,12,11.8,0.3,0.4,6.7,3.4,1.4,16.2,100,23.1,22.6,0.5,0.7,12.8,6.5,2.7,31.1,100,9.4,41.7,15.8,8.7,0.8,18.8,0,4.9,100
YEM,Yemen,2000,14.7,10.3,6.4,1.5,3.9,22,14.7,0.3,0,5.1,5.5,2.9,12.6,100,3,12.9,9.8,6.4,1.5,2.3,0.5,2.6,19.1,14.2,0.3,0,5.1,5.1,2.9,14.4,100,31.2,23.3,0.5,0,8.3,8.4,4.7,23.6,100,7.6,33.1,25.2,16.5,3.8,5.8,1.3,6.7,100
ZMB,Zambia,2000,7.4,8.5,4.2,0.4,3.1,16.1,13.8,10.6,15.2,5,3.1,2.6,9.9,100,1.8,6.5,7.5,4.2,0.4,1.3,0.2,1.5,14.3,13.6,10.6,15.1,5,2.9,2.6,12.6,100,18.7,17.7,13.7,19.6,6.6,3.8,3.4,16.5,100,7.6,27.8,32.2,18,1.7,5.4,0.7,6.6,100
ZWE,Zimbabwe,2000,11.2,9.2,4,0.3,4.6,16.1,11.2,4.7,20.6,0.3,3.8,2.5,11.5,100,2,9.6,8.5,4,0.3,2,0.2,1.9,14,11.1,4.7,20.4,0.3,3.6,2.5,14.9,100,19.6,15.5,6.6,28.5,0.5,5,3.5,20.9,100,7.1,33.7,29.9,14.1,1,7,0.6,6.5,100
